video_id,video_title,channel_title,video_published_at,video_view_count,video_like_count,video_comment_count,video_description,video_tags,comment_id,parent_comment_id,comment_type,author,comment_text,like_count,reply_count,comment_published_at,comment_updated_at,is_public,original_comment,clean_comment,emoji_count,emoji_sentiment_score,comment_length,word_count,text_negative,text_neutral,text_positive,text_sentiment_score,final_sentiment_score,sentiment_label,language,issue_category,classification_method,category_confidence,topic_id,topic_confidence,topic_name,rag_text,similarity_score,engagement_score,category_relevance_score,lexical_relevance_score,sentiment_relevance_score,intent_penalty_score,weighted_retrieval_score,query
a4NJNdHqs_I,Samsung Galaxy S25 Ultra Review: The Tables Have Turned!,Marques Brownlee,2025-02-05T22:18:18Z,5877632,158154,12519,"Part review part rant. It's still a good phone though.

Get the Samsung Galaxy S25 Ultra at BestBuy in-store or online at https://bit.ly/4h8mjiy

MKBHD Merch: http://shop.MKBHD.com

The Ridge x MKBHD Knife: https://geni.us/YP4ED

Playlist of MKBHD Intro music: https://goo.gl/B3AWV5

Phone provided by Samsung for review.

~
http://twitter.com/MKBHD
http://instagram.com/MKBHD
http://facebook.com/MKBHD","S25 Ultra, Galaxy S25, Galaxy S25 Ultra, S25 Ultra vs, MKBHD, S25 Ultra Review",UgwxdZovKmTCzGmmtCR4AaABAg,,top_level,@covre4420,Samsung's battery life is abysmal. They need to quickly introduce silicon-carbon batteries and increase capacity.,1,0,2025-11-13 16:44:12+00:00,2025-11-13T16:44:12Z,True,Samsung's battery life is abysmal. They need to quickly introduce silicon-carbon batteries and increase capacity.,samsung's battery life is abysmal. they need to quickly introduce silicon carbon batteries and increase capacity.,0,0.0,113,16,0.0,0.867,0.133,0.318,0.255,positive,en,Battery / Charging,keyword,1.0,1,0.903,"AI, Battery, Camera and Feature Discussion","Comment: samsung's battery life is abysmal. they need to quickly introduce silicon carbon batteries and increase capacity. Issue Category: Battery / Charging Sentiment: positive Topic: AI, Battery, Camera and Feature Discussion Video: Samsung Galaxy S25 Ultra Review: The Tables Have Turned!",0.718,0.061,0.65,1.0,0.5,0.0,0.706,What are users saying about Samsung battery life?
a4NJNdHqs_I,Samsung Galaxy S25 Ultra Review: The Tables Have Turned!,Marques Brownlee,2025-02-05T22:18:18Z,5877632,158154,12519,"Part review part rant. It's still a good phone though.

Get the Samsung Galaxy S25 Ultra at BestBuy in-store or online at https://bit.ly/4h8mjiy

MKBHD Merch: http://shop.MKBHD.com

The Ridge x MKBHD Knife: https://geni.us/YP4ED

Playlist of MKBHD Intro music: https://goo.gl/B3AWV5

Phone provided by Samsung for review.

~
http://twitter.com/MKBHD
http://instagram.com/MKBHD
http://facebook.com/MKBHD","S25 Ultra, Galaxy S25, Galaxy S25 Ultra, S25 Ultra vs, MKBHD, S25 Ultra Review",UgzON8Ux_i9KlR2_VKl4AaABAg,,top_level,@pritishpatil7659,"Aiming for 1 day battery life since 10 years, is pathetic.

My watch, trimmer, toothbrush etc all last for multiple days to weeks.

Is 2 day battery life in a phone too much to ask for? And yeah a charger in the box! Which is fast. Selling charger seperately for a 1300$ phone is disgusting.",0,0,2025-02-06 07:53:04+00:00,2025-02-06T07:53:04Z,True,"Aiming for 1 day battery life since 10 years, is pathetic.

My watch, trimmer, toothbrush etc all last for multiple days to weeks.

Is 2 day battery life in a phone too much to ask for? And yeah a charger in the box! Which is fast. Selling charger seperately for a 1300$ phone is disgusting.","aiming for 1 day battery life since 10 years, is pathetic. my watch, trimmer, toothbrush etc all last for multiple days to weeks. is 2 day battery life in a phone too much to ask for? and yeah a charger in the box! which is fast. selling charger seperately for a 1300 phone is disgusting.",0,0.0,288,55,0.12,0.844,0.036,-0.734,-0.588,negative,en,Battery / Charging,keyword,1.0,1,0.528,"AI, Battery, Camera and Feature Discussion","Comment: aiming for 1 day battery life since 10 years, is pathetic. my watch, trimmer, toothbrush etc all last for multiple days to weeks. is 2 day battery life in a phone too much to ask for? and yeah a charger in the box! which is fast. selling charger seperately for a 1300 phone is disgusting. Issue Category: Battery / Charging Sentiment: negative Topic: AI, Battery, Camera and Feature Discussion Video: Samsung Galaxy S25 Ultra Review: The Tables Have Turned!",0.662,0.0,0.65,1.0,0.5,0.0,0.672,What are users saying about Samsung battery life?
a4NJNdHqs_I,Samsung Galaxy S25 Ultra Review: The Tables Have Turned!,Marques Brownlee,2025-02-05T22:18:18Z,5877632,158154,12519,"Part review part rant. It's still a good phone though.

Get the Samsung Galaxy S25 Ultra at BestBuy in-store or online at https://bit.ly/4h8mjiy

MKBHD Merch: http://shop.MKBHD.com

The Ridge x MKBHD Knife: https://geni.us/YP4ED

Playlist of MKBHD Intro music: https://goo.gl/B3AWV5

Phone provided by Samsung for review.

~
http://twitter.com/MKBHD
http://instagram.com/MKBHD
http://facebook.com/MKBHD","S25 Ultra, Galaxy S25, Galaxy S25 Ultra, S25 Ultra vs, MKBHD, S25 Ultra Review",Ugyvgu5hKavhuyq6yHl4AaABAg.AEC23tbhoNRAECDM3B0gvz,Ugyvgu5hKavhuyq6yHl4AaABAg,reply,@doja5321,Typical old phone user with 2 hour battery life bragging their phone is still better. 😂😂😂,85,0,2025-02-06 11:34:12+00:00,2025-02-06T11:34:12Z,True,Typical old phone user with 2 hour battery life bragging their phone is still better. 😂😂😂,typical old phone user with 2 hour battery life bragging their phone is still better.,3,0.3,85,15,0.0,0.828,0.172,0.44,0.412,positive,en,Battery / Charging,keyword,1.0,6,0.367,Upgrade Cycle / Yearly Phone Changes,Comment: typical old phone user with 2 hour battery life bragging their phone is still better. Issue Category: Battery / Charging Sentiment: positive Topic: Upgrade Cycle / Yearly Phone Changes Video: Samsung Galaxy S25 Ultra Review: The Tables Have Turned!,0.69,0.39,0.65,0.75,0.5,0.0,0.67,What are users saying about Samsung battery life?
a4NJNdHqs_I,Samsung Galaxy S25 Ultra Review: The Tables Have Turned!,Marques Brownlee,2025-02-05T22:18:18Z,5877632,158154,12519,"Part review part rant. It's still a good phone though.

Get the Samsung Galaxy S25 Ultra at BestBuy in-store or online at https://bit.ly/4h8mjiy

MKBHD Merch: http://shop.MKBHD.com

The Ridge x MKBHD Knife: https://geni.us/YP4ED

Playlist of MKBHD Intro music: https://goo.gl/B3AWV5

Phone provided by Samsung for review.

~
http://twitter.com/MKBHD
http://instagram.com/MKBHD
http://facebook.com/MKBHD","S25 Ultra, Galaxy S25, Galaxy S25 Ultra, S25 Ultra vs, MKBHD, S25 Ultra Review",UgyPVRNv8qUCF8r_Ret4AaABAg,,top_level,@mohamedfayed8013,"we need less is more and quality over quantity to come back .
1 inch sensor instead of 4 zoom cameras no body uses except youtubers .
7000 mAh battery like redmagic 10 .
1080p 120hz 1000 nits efficient oled screen .
fast charger in the box .
256 gb as base model plus sd card slot .
headphone jack .
efficient  SOC not the best .
people are complaining about battery life not zoom cameras .
about storage not s pen .
about headphone jack and dongle life for high end headphone or cheap air line headphones .
companies are trying to make phones for youtubers not everyday people .",0,0,2025-02-06 00:05:19+00:00,2025-02-06T00:05:19Z,True,"we need less is more and quality over quantity to come back .
1 inch sensor instead of 4 zoom cameras no body uses except youtubers .
7000 mAh battery like redmagic 10 .
1080p 120hz 1000 nits efficient oled screen .
fast charger in the box .
256 gb as base model plus sd card slot .
headphone jack .
efficient  SOC not the best .
people are complaining about battery life not zoom cameras .
about storage not s pen .
about headphone jack and dongle life for high end headphone or cheap air line headphones .
companies are trying to make phones for youtubers not everyday people .",we need less is more and quality over quantity to come back . 1 inch sensor instead of 4 zoom cameras no body uses except youtubers . 7000 mah battery like redmagic 10 . 1080p 120hz 1000 nits efficient oled screen . fast charger in the box . 256 gb as base model plus sd card slot . headphone jack . efficient soc not the best . people are complaining about battery life not zoom cameras . about storage not s pen . about headphone jack and dongle life for high end headphone or cheap air line headphones . companies are trying to make phones for youtubers not everyday people .,0,0.0,578,111,0.061,0.872,0.067,0.186,0.149,positive,en,Battery / Charging,keyword,1.0,3,0.425,Buying Decision / Value Discussion,Comment: we need less is more and quality over quantity to come back . 1 inch sensor instead of 4 zoom cameras no body uses except youtubers . 7000 mah battery like redmagic 10 . 1080p 120hz 1000 nits efficient oled screen . fast charger in the box . 256 gb as base model plus sd card slot . headphone jack . efficient soc not the best . people are complaining about battery life not zoom cameras . about storage not s pen . about headphone jack and dongle life for high end headphone or cheap air line headphones . companies are trying to make phones for youtubers not everyday people . Issue Category: Battery / Charging Sentiment: positive Topic: Buying Decision / Value Discussion Video: Samsung Galaxy S25 Ultra Review: The Tables Have Turned!,0.655,0.0,0.65,1.0,0.5,0.0,0.668,What are users saying about Samsung battery life?
vkBQW8NZk9k,"$70 vs $1,200 Samsung!",Mrwhosetheboss,2023-05-14T13:01:39Z,40457597,1964597,5052,"#Samsung #realvsfake #fake #technology #shorts 

I spend a LOT of time trying to make my videos as concise, polished and useful as possible for you - if you would like to support me on that mission then consider subscribing to the channel - you'd make my day 😁

For my tech hot takes: http://twitter.com/Mrwhosetheboss
For my Personal Posts: http://instagram.com/mrwhosetheboss
Does anyone still use this anymore?: https://facebook.com/mrwhosetheboss

Amazon Affiliate links (if you buy anything through these it will support the channel and allow us to buy better gear!):
Amazon US: https://amzn.to/3mFix9d
Amazon UK: https://amzn.to/3GMPPtM

My Filming Gear:
https://bit.ly/35CuxwI

Music is from Epidemic sound:
http://share.epidemicsound.com/pHDFT","samsung, tech, shorts",UgyRXAz5fyJHozlIpsB4AaABAg.9px0L4f6Ak39sDbIddMnU9,UgyRXAz5fyJHozlIpsB4AaABAg,reply,@bencastellucci8823,@baby333 they release updates meant for the newest phones and they can either sacrifice running quality or battery life on the old ones,0,0,2023-07-16 08:29:21+00:00,2024-06-12T21:30:16Z,True,@baby333 they release updates meant for the newest phones and they can either sacrifice running quality or battery life on the old ones,they release updates meant for the newest phones and they can either sacrifice running quality or battery life on the old ones,0,0.0,126,22,0.0,1.0,0.0,0.0,0.0,neutral,en,Battery / Charging,keyword,1.0,1,0.476,"AI, Battery, Camera and Feature Discussion","Comment: they release updates meant for the newest phones and they can either sacrifice running quality or battery life on the old ones Issue Category: Battery / Charging Sentiment: neutral Topic: AI, Battery, Camera and Feature Discussion Video: $70 vs $1,200 Samsung!",0.704,0.0,0.65,0.75,0.5,0.0,0.666,What are users saying about Samsung battery life?
a4NJNdHqs_I,Samsung Galaxy S25 Ultra Review: The Tables Have Turned!,Marques Brownlee,2025-02-05T22:18:18Z,5877632,158154,12519,"Part review part rant. It's still a good phone though.

Get the Samsung Galaxy S25 Ultra at BestBuy in-store or online at https://bit.ly/4h8mjiy

MKBHD Merch: http://shop.MKBHD.com

The Ridge x MKBHD Knife: https://geni.us/YP4ED

Playlist of MKBHD Intro music: https://goo.gl/B3AWV5

Phone provided by Samsung for review.

~
http://twitter.com/MKBHD
http://instagram.com/MKBHD
http://facebook.com/MKBHD","S25 Ultra, Galaxy S25, Galaxy S25 Ultra, S25 Ultra vs, MKBHD, S25 Ultra Review",UgyxFmx6M8VNRjxfmAl4AaABAg.AEAnKwprqeyAEB-YT4vUEZ,UgyxFmx6M8VNRjxfmAl4AaABAg,reply,@whatsgoodmyguy4391,"The battery life is amazing. It's worth it one thing I don't like about these iphone loving clowns is the price, Samsung gave me 900 for last year's phone. So it cost 300$!cheaper than a screen or battery replacement.",0,0,2025-02-06 00:14:19+00:00,2025-02-06T00:14:19Z,True,"The battery life is amazing. It's worth it one thing I don't like about these iphone loving clowns is the price, Samsung gave me 900 for last year's phone. So it cost 300$!cheaper than a screen or battery replacement.","the battery life is amazing. it's worth it one thing i don't like about these iphone loving clowns is the price, samsung gave me 900 for last year's phone. so it cost 300 !cheaper than a screen or battery replacement.",0,0.0,217,40,0.044,0.75,0.206,0.831,0.665,positive,en,Battery / Charging,keyword,1.0,3,0.357,Buying Decision / Value Discussion,"Comment: the battery life is amazing. it's worth it one thing i don't like about these iphone loving clowns is the price, samsung gave me 900 for last year's phone. so it cost 300 !cheaper than a screen or battery replacement. Issue Category: Battery / Charging Sentiment: positive Topic: Buying Decision / Value Discussion Video: Samsung Galaxy S25 Ultra Review: The Tables Have Turned!",0.698,0.0,0.65,0.75,0.5,0.0,0.663,What are users saying about Samsung battery life?
_9sBc08FYEU,Unboxing Galaxy S25 Series | Samsung,Samsung,2025-01-22T20:21:21Z,17129354,22641,1821,"This is the official unboxing video for the new Galaxy S25 Series. Get your first look 👀 With its sleek design, advanced camera system, and the smart capabilities of Galaxy AI, this device is built to fit your life—effortlessly, stylishly and as uniquely as you. Learn more: http://smsng.co/S25_Unboxing_yt

Galaxy S25 Ultra features a sleek, rounded silhouette wrapped in a strong titanium frame, at just 8.2 mm thin and 218 g light. It comes with a built-in S Pen and is available in seven titanium finishes: Titanium Silverblue, Black, Gray, Whitesilver, Jetblack, Jadegreen, and Pinkgold. Galaxy S25+ and S25 feature a slim, strong aluminum frame, an immersive screen, and sophisticated camera. Both are equipped with our most advanced, custom-made processor and innovative Galaxy AI for seamless everyday support. Available in Navy, Icyblue, Silver Shadow, Mint, Coralred, Pinkgold, and Blueblack.

00:00 Intro
00:16 What's in the box 
00:24 Design
00:45 Colors
01:03 Hardware specifications and performance
01:40 Durability
01:49 Galaxy S25 | S25+

What’s new in Galaxy S25 Ultra?
Sleek, ultra-modern design: Rounded silhouette with a titanium frame.
Immersive 6.9” display: Optimized for editing, streaming, and productivity.
200 MP camera: Powered by the advanced AI ProVisual Engine.
Battery: Enjoy up to 31 hours of video playback.
Built-in S Pen: For seamless writing, sketching, and precise control.

What's new in Galaxy S25 | S25+?
Sleek design: Slimmed down for a more comfortable grip.
Immersive display: Galaxy S25 offers a 6.2"" FHD+ display, Galaxy S25+ comes with a 6.7"" QHD+ display.
Battery: Enhanced for you to enjoy hours of watching videos.

Q: What’s included in the box?
A: You’ll get a Quick Start Guide, an Ejection Pin, and a USB-C to C Cable.
Q: How much slimmer is Galaxy S25 Series compared to the previous model?
A: Galaxy S25 Ultra is 0.4 mm thinner than Galaxy S24 Ultra, Galaxy S25+ is 0.4 mm thinner than Galaxy S24+, and Galaxy S25 is 0.4 mm thinner than Galaxy S24.

#GalaxyAI #GalaxyS25Ultra #GalaxyS25 #Samsung","Galaxy AI, Samsung unpacked, galaxt, galaxy, galaxy phones, galaxy s, galaxy s25, galaxy s25 plus, galaxy s25 ultra, new galaxy phone, new samsung, new samsung galaxy, s25 ai, s25 plus, s25 ultra, samsung, samsung galaxt, samsung galaxy, samsung galaxy mobile, samsung galaxy s, samsung galaxy s25, samsung galaxy s25 plus, samsung latest mobile, samsung mobile, samsung s, samsung s25, samsung s25 plus, samsung s25 ultra, unboxing s25",UgzmSBiFcHAz-9mkQvR4AaABAg.ADbYOqzClVdADg6Ps8E9jp,UgzmSBiFcHAz-9mkQvR4AaABAg,reply,@chargedx5768,@im_AlsoTheBlueOne battery capacity (MaH) and battery life are two different things,0,0,2025-01-24 14:58:36+00:00,2025-01-24T14:58:36Z,True,@im_AlsoTheBlueOne battery capacity (MaH) and battery life are two different things,battery capacity mah and battery life are two different things,0,0.0,62,10,0.0,1.0,0.0,0.0,0.0,neutral,en,Battery / Charging,keyword,1.0,1,0.903,"AI, Battery, Camera and Feature Discussion","Comment: battery capacity mah and battery life are two different things Issue Category: Battery / Charging Sentiment: neutral Topic: AI, Battery, Camera and Feature Discussion Video: Unboxing Galaxy S25 Series | Samsung",0.647,0.0,0.65,1.0,0.5,0.0,0.663,What are users saying about Samsung battery life?
a4NJNdHqs_I,Samsung Galaxy S25 Ultra Review: The Tables Have Turned!,Marques Brownlee,2025-02-05T22:18:18Z,5877632,158154,12519,"Part review part rant. It's still a good phone though.

Get the Samsung Galaxy S25 Ultra at BestBuy in-store or online at https://bit.ly/4h8mjiy

MKBHD Merch: http://shop.MKBHD.com

The Ridge x MKBHD Knife: https://geni.us/YP4ED

Playlist of MKBHD Intro music: https://goo.gl/B3AWV5

Phone provided by Samsung for review.

~
http://twitter.com/MKBHD
http://instagram.com/MKBHD
http://facebook.com/MKBHD","S25 Ultra, Galaxy S25, Galaxy S25 Ultra, S25 Ultra vs, MKBHD, S25 Ultra Review",UgwG-Ak8ZbLCdVqnr2R4AaABAg,,top_level,@colinwest3301,"They removed the blutooth features but nobody said they wanted them removed. You have a four seater car but don't always have four people in your car. That doesn't mean you want your seats ripped out and a nothing burger where they used to be. Truth is, almost two dollars per unit cost saving to Samsung. Over the year sales, 50 million in production costs but no saving to the customer. We pay the same. But then you have seriously pissed your customers off. Rotating bezel on watches, gone. Smart pen, not smart anymore, Samsung messages taken away, SD cards, chargers. Ultra phones that charge at 45w but the cable in the box can't carry 45w. Oh, don't forget only 100mah between Plus and Ultra and all have 12gb ram. So what's Ultra about your Ultra? Same 5000 mah after 6 years? Continual down grades are the constant.",0,0,2025-02-05 23:59:28+00:00,2025-02-06T00:07:05Z,True,"They removed the blutooth features but nobody said they wanted them removed. You have a four seater car but don't always have four people in your car. That doesn't mean you want your seats ripped out and a nothing burger where they used to be. Truth is, almost two dollars per unit cost saving to Samsung. Over the year sales, 50 million in production costs but no saving to the customer. We pay the same. But then you have seriously pissed your customers off. Rotating bezel on watches, gone. Smart pen, not smart anymore, Samsung messages taken away, SD cards, chargers. Ultra phones that charge at 45w but the cable in the box can't carry 45w. Oh, don't forget only 100mah between Plus and Ultra and all have 12gb ram. So what's Ultra about your Ultra? Same 5000 mah after 6 years? Continual down grades are the constant.","they removed the blutooth features but nobody said they wanted them removed. you have a four seater car but don't always have four people in your car. that doesn't mean you want your seats ripped out and a nothing burger where they used to be. truth is, almost two dollars per unit cost saving to samsung. over the year sales, 50 million in production costs but no saving to the customer. we pay the same. but then you have seriously pissed your customers off. rotating bezel on watches, gone. smart pen, not smart anymore, samsung messages taken away, sd cards, chargers. ultra phones that charge at 45w but the cable in the box can't carry 45w. oh, don't forget only 100mah between plus and ultra and all have 12gb ram. so what's ultra about your ultra? same 5000 mah after 6 years? continual down grades are the constant.",0,0.0,824,148,0.102,0.846,0.052,-0.809,-0.647,negative,en,Battery / Charging,keyword,1.0,3,0.552,Buying Decision / Value Discussion,"Comment: they removed the blutooth features but nobody said they wanted them removed. you have a four seater car but don't always have four people in your car. that doesn't mean you want your seats ripped out and a nothing burger where they used to be. truth is, almost two dollars per unit cost saving to samsung. over the year sales, 50 million in production costs but no saving to the customer. we pay the same. but then you have seriously pissed your customers off. rotating bezel on watches, gone. smart pen, not smart anymore, samsung messages taken away, sd cards, chargers. ultra phones that charge at 45w but the cable in the box can't carry 45w. oh, don't forget only 100mah between plus and ultra and all have 12gb ram. so what's ultra about your ultra? same 5000 mah after 6 years? continual down grades are the constant. Issue Category: Battery / Charging Sentiment: negative Topic: Buying Decision / Value Discussion Video: Samsung Galaxy S25 Ultra Review: The Tables Have Turned!",0.642,0.0,0.65,1.0,0.5,0.0,0.661,What are users saying about Samsung battery life?
_9sBc08FYEU,Unboxing Galaxy S25 Series | Samsung,Samsung,2025-01-22T20:21:21Z,17129354,22641,1821,"This is the official unboxing video for the new Galaxy S25 Series. Get your first look 👀 With its sleek design, advanced camera system, and the smart capabilities of Galaxy AI, this device is built to fit your life—effortlessly, stylishly and as uniquely as you. Learn more: http://smsng.co/S25_Unboxing_yt

Galaxy S25 Ultra features a sleek, rounded silhouette wrapped in a strong titanium frame, at just 8.2 mm thin and 218 g light. It comes with a built-in S Pen and is available in seven titanium finishes: Titanium Silverblue, Black, Gray, Whitesilver, Jetblack, Jadegreen, and Pinkgold. Galaxy S25+ and S25 feature a slim, strong aluminum frame, an immersive screen, and sophisticated camera. Both are equipped with our most advanced, custom-made processor and innovative Galaxy AI for seamless everyday support. Available in Navy, Icyblue, Silver Shadow, Mint, Coralred, Pinkgold, and Blueblack.

00:00 Intro
00:16 What's in the box 
00:24 Design
00:45 Colors
01:03 Hardware specifications and performance
01:40 Durability
01:49 Galaxy S25 | S25+

What’s new in Galaxy S25 Ultra?
Sleek, ultra-modern design: Rounded silhouette with a titanium frame.
Immersive 6.9” display: Optimized for editing, streaming, and productivity.
200 MP camera: Powered by the advanced AI ProVisual Engine.
Battery: Enjoy up to 31 hours of video playback.
Built-in S Pen: For seamless writing, sketching, and precise control.

What's new in Galaxy S25 | S25+?
Sleek design: Slimmed down for a more comfortable grip.
Immersive display: Galaxy S25 offers a 6.2"" FHD+ display, Galaxy S25+ comes with a 6.7"" QHD+ display.
Battery: Enhanced for you to enjoy hours of watching videos.

Q: What’s included in the box?
A: You’ll get a Quick Start Guide, an Ejection Pin, and a USB-C to C Cable.
Q: How much slimmer is Galaxy S25 Series compared to the previous model?
A: Galaxy S25 Ultra is 0.4 mm thinner than Galaxy S24 Ultra, Galaxy S25+ is 0.4 mm thinner than Galaxy S24+, and Galaxy S25 is 0.4 mm thinner than Galaxy S24.

#GalaxyAI #GalaxyS25Ultra #GalaxyS25 #Samsung","Galaxy AI, Samsung unpacked, galaxt, galaxy, galaxy phones, galaxy s, galaxy s25, galaxy s25 plus, galaxy s25 ultra, new galaxy phone, new samsung, new samsung galaxy, s25 ai, s25 plus, s25 ultra, samsung, samsung galaxt, samsung galaxy, samsung galaxy mobile, samsung galaxy s, samsung galaxy s25, samsung galaxy s25 plus, samsung latest mobile, samsung mobile, samsung s, samsung s25, samsung s25 plus, samsung s25 ultra, unboxing s25",UgwG7eJ1GDaUfiv2_l94AaABAg,,top_level,@દિવ્યચાવડા,"While I am not an admirer of Apple, I must acknowledge—after purchasing the Samsung Galaxy S25—that the device falls short in terms of battery performance. This shortfall is largely attributable to Samsung’s emphasis on achieving a slim form factor, which results in a reduced battery capacity. Consequently, the phone struggles to last a full day under moderate use, and the standby power drain is notably higher compared to that of the iPhone.

For context, I also use my  employer-issued iPhone 15 alongside the S25, allowing me to compare their performance in daily usage scenarios. Based on this direct comparison, I find the iPhone 15 delivers superior battery life under similar conditions. My usage includes browsing, YouTube, Instagram, GPS navigation, and regular phone calls, with no gaming involved.

Additionally, the Galaxy S25 tends to exhibit heating issues during regular use—a concern occasionally observed in the iPhone as well, no complaints there. Ultimately, my primary grievance centers on inadequate battery endurance. The trade-off between slim design and battery capacity, which often necessitates carrying an external power bank, is unsatisfactory for my needs.

I sincerely hope @Samsung takes this feedback into account in future product designs.",0,0,2025-07-27 03:55:36+00:00,2025-07-27T03:55:36Z,True,"While I am not an admirer of Apple, I must acknowledge—after purchasing the Samsung Galaxy S25—that the device falls short in terms of battery performance. This shortfall is largely attributable to Samsung’s emphasis on achieving a slim form factor, which results in a reduced battery capacity. Consequently, the phone struggles to last a full day under moderate use, and the standby power drain is notably higher compared to that of the iPhone.

For context, I also use my  employer-issued iPhone 15 alongside the S25, allowing me to compare their performance in daily usage scenarios. Based on this direct comparison, I find the iPhone 15 delivers superior battery life under similar conditions. My usage includes browsing, YouTube, Instagram, GPS navigation, and regular phone calls, with no gaming involved.

Additionally, the Galaxy S25 tends to exhibit heating issues during regular use—a concern occasionally observed in the iPhone as well, no complaints there. Ultimately, my primary grievance centers on inadequate battery endurance. The trade-off between slim design and battery capacity, which often necessitates carrying an external power bank, is unsatisfactory for my needs.

I sincerely hope @Samsung takes this feedback into account in future product designs.","while i am not an admirer of apple, i must acknowledge after purchasing the samsung galaxy s25 that the device falls short in terms of battery performance. this shortfall is largely attributable to samsung s emphasis on achieving a slim form factor, which results in a reduced battery capacity. consequently, the phone struggles to last a full day under moderate use, and the standby power drain is notably higher compared to that of the iphone. for context, i also use my employer issued iphone 15 alongside the s25, allowing me to compare their performance in daily usage scenarios. based on this direct comparison, i find the iphone 15 delivers superior battery life under similar conditions. my usage includes browsing, youtube, instagram, gps navigation, and regular phone calls, with no gaming involved. additionally, the galaxy s25 tends to exhibit heating issues during regular use a concern occasionally observed in the iphone as well, no complaints there. ultimately, my primary grievance centers on inadequate battery endurance. the trade off between slim design and battery capacity, which often necessitates carrying an external power bank, is unsatisfactory for my needs. i sincerely hope takes this feedback into account in future product designs.",0,0.0,1262,198,0.06,0.876,0.065,0.256,0.205,positive,en,Battery / Charging,keyword,1.0,1,0.534,"AI, Battery, Camera and Feature Discussion","Comment: while i am not an admirer of apple, i must acknowledge after purchasing the samsung galaxy s25 that the device falls short in terms of battery performance. this shortfall is largely attributable to samsung s emphasis on achieving a slim form factor, which results in a reduced battery capacity. consequently, the phone struggles to last a full day under moderate use, and the standby power drain is notably higher compared to that of the iphone. for context, i also use my employer issued iphone 15 alongside the s25, allowing me to compare their performance in daily usage scenarios. based on this direct comparison, i find the iphone 15 delivers superior battery life under similar conditions. my usage includes browsing, youtube, instagram, gps navigation, and regular phone calls, with no gaming involved. additionally, the galaxy s25 tends to exhibit heating issues during regular use a concern occasionally observed in the iphone as well, no complaints there. ultimately, my primary grievance centers on inadequate battery endurance. the trade off between slim design and battery capacity, which often necessitates carrying an external power bank, is unsatisfactory for my needs. i sincerely hope takes this feedback into account in future product designs. Issue Category: Battery / Charging Sentiment: positive Topic: AI, Battery, Camera and Feature Discussion Video: Unboxing Galaxy S25 Series | Samsung",0.64,0.0,0.65,1.0,0.5,0.0,0.659,What are users saying about Samsung battery life?
3i1OB6wKYms,Introducing Galaxy S25 Ultra | Galaxy AI | Samsung,Samsung,2025-01-22T19:09:42Z,191059320,103311,7943,"This is the official Galaxy S25 Ultra introduction film. All-new Galaxy S25 Ultra, a true AI companion that combines great intelligence and power to open up your world—making everything more personalized and intuitive than ever before. Learn more: http://smsng.co/Introducing_S25Ultra_yt

00:00 Introducing Galaxy S25 Ultra
00:12 Processor: Snapdragon® 8 Elite for Galaxy
00:30 All-new One UI 7: Built for AI
00:53 Seamless actions across apps: Get things done without having to switch between various apps
01:53 Circle to Search: AI Overviews
02:04 Gemini Live: Conversational AI
02:22 Circle to Search: Music search
02:38 Now Bar and Now Brief: Personalized briefings
03:01 Call Transcript: Call summary and keywords
03:22 Design: Curved edges for a unified design
03:35 Display: ProScaler for clearer viewing experience
03:53 Performance: Heat dissipation architecture
04:21 Camera: Next generation ProVisual Engine
05:01 Audio Eraser: Filter out unwanted background noise from videos

Q: What makes the Galaxy S25 Ultra's processor special?
A: It's a customized processor designed exclusively for Galaxy, delivering peak performance in speed, efficiency, and AI tasks.
Q: What's new in the Galaxy S25 Ultra's camera?
A: It has an all-new 50 MP ultra wide lens, along with telephoto lens. And it still has the 200 MP wide lens everyone loves! It’s all powered by the next generation ProVisual Engine and enhanced AI, so you can take more natural Portraits and clearer Nightography than ever.
Q: Can I change the apps in Now Bar?
A: Yes. While widgets may be limited or hidden behind gestures, Now Bar is always accessible and purpose-built for quick actions.

#GalaxyAI #GalaxyS25Ultra #GalaxyS25","AI features, AI phones, Galaxy AI, S25, S25 Phones, S25 ai, S25 features, S25 plus, S25 ultra, Samsung event, Samsung galaxy unpacked, Samsung unpacked, Unpacked, galaxt, galaxy, galaxy S25 plus, galaxy S25 ultra, galaxy phones, galaxy unpacked, galaxy unpacked 2025, new galaxy phone, new samsung galaxy, samsung, samsung S25 galaxy S25, samsung S25 plus, samsung S25 ultra, samsung galaxt, samsung galaxy, samsung galaxy phones, samsung latest mobile, AI Phone",UgzefvkJarULkz-pCAh4AaABAg,,top_level,@ravisoren111,"This elite Brands should focus on providing on Good Battery 🔋 Life with battery technology 
My early experiences with Samsung phones were half of the day I had to charge my phone and that's horrible",0,0,2025-01-23 05:45:53+00:00,2025-01-23T05:45:53Z,True,"This elite Brands should focus on providing on Good Battery 🔋 Life with battery technology 
My early experiences with Samsung phones were half of the day I had to charge my phone and that's horrible",this elite brands should focus on providing on good battery life with battery technology my early experiences with samsung phones were half of the day i had to charge my phone and that's horrible,0,0.0,195,34,0.091,0.833,0.076,-0.153,-0.122,negative,en,Battery / Charging,keyword,1.0,1,0.815,"AI, Battery, Camera and Feature Discussion","Comment: this elite brands should focus on providing on good battery life with battery technology my early experiences with samsung phones were half of the day i had to charge my phone and that's horrible Issue Category: Battery / Charging Sentiment: negative Topic: AI, Battery, Camera and Feature Discussion Video: Introducing Galaxy S25 Ultra | Galaxy AI | Samsung",0.631,0.0,0.65,1.0,0.5,0.0,0.654,What are users saying about Samsung battery life?
a4NJNdHqs_I,Samsung Galaxy S25 Ultra Review: The Tables Have Turned!,Marques Brownlee,2025-02-05T22:18:18Z,5877632,158154,12519,"Part review part rant. It's still a good phone though.

Get the Samsung Galaxy S25 Ultra at BestBuy in-store or online at https://bit.ly/4h8mjiy

MKBHD Merch: http://shop.MKBHD.com

The Ridge x MKBHD Knife: https://geni.us/YP4ED

Playlist of MKBHD Intro music: https://goo.gl/B3AWV5

Phone provided by Samsung for review.

~
http://twitter.com/MKBHD
http://instagram.com/MKBHD
http://facebook.com/MKBHD","S25 Ultra, Galaxy S25, Galaxy S25 Ultra, S25 Ultra vs, MKBHD, S25 Ultra Review",Ugx5oTn2Z2dEDukFA3d4AaABAg,,top_level,@acewalker,If they are just going to remove the features of the S-Pen while also not inventing nice features or gestures for the S-Pen then they should have stuck to the S20/S21 Ultra design and keep their note line. Why even bring back the S-Pen at all?????????,0,0,2025-02-06 02:27:25+00:00,2025-02-06T02:27:25Z,True,If they are just going to remove the features of the S-Pen while also not inventing nice features or gestures for the S-Pen then they should have stuck to the S20/S21 Ultra design and keep their note line. Why even bring back the S-Pen at all?????????,if they are just going to remove the features of the s pen while also not inventing nice features or gestures for the s pen then they should have stuck to the s20 s21 ultra design and keep their note line. why even bring back the s pen at all?????????,0,0.0,251,50,0.099,0.901,0.0,-0.648,-0.518,negative,en,S-Pen / Features,keyword,1.0,5,0.592,S-Pen / Bluetooth Removal,Comment: if they are just going to remove the features of the s pen while also not inventing nice features or gestures for the s pen then they should have stuck to the s20 s21 ultra design and keep their note line. why even bring back the s pen at all????????? Issue Category: S-Pen / Features Sentiment: negative Topic: S-Pen / Bluetooth Removal Video: Samsung Galaxy S25 Ultra Review: The Tables Have Turned!,0.714,0.0,0.65,1.0,1.0,0.0,0.727,Why are users unhappy about the S-Pen?
2HhrudHXaDs,Introducing Galaxy Z Fold7 | Galaxy AI | Samsung,Samsung,2025-07-09T15:27:09Z,40946263,5777,773,"Introducing the all-new Galaxy Z Fold7. Ultra sleek and ultra powerful, ready to make your everyday more productive and effortless. Learn more: http://smsng.co/ZFold7_Intro_yt

00:00 Intro
00:36 Design
01:10 Hardware
01:45 Battery
02:11 Now Brief
02:24 Gemini Live
02:58 Camera
03:20 ProVisual Engine
03:41 Audio Eraser
03:48 Photo Assist

Q: What's special about the Galaxy Z Fold7's design?
A: Galaxy Z Fold7 features a sleeker, lighter design—just 4.2 mm when open and 8.9 mm when folded. Weighing 215 g, it's the thinnest Galaxy Z Fold yet.

#GalaxyAI #GalaxyZFold7 #camera #UltraSleek #Samsung","audio eraser, camera, galaxy ai, galaxy unpacked 2025, galaxy z fold design, galaxy z fold7, gemini live samsung, new samsung fold phone, samsung, samsung fold camera, samsung foldable, samsung galaxy, samsung galaxy z fold now bar, samsung galaxy z fold photo assist, samsung galaxy z fold7 gemini live, samsung galaxy z fold7 official video, samsung latest mobile, samsung mobile, samsung z fold7, z fold 7 battery life, z fold 7 features, z fold7 ai, AI Phone",Ugy89xMVC0yrLDtk1Ep4AaABAg,,top_level,@jumbo2254,Still a red flag to me without the S pen.. what is the point having a tablet with no S pen..,2,0,2025-07-10 00:37:22+00:00,2025-07-10T00:37:22Z,True,Still a red flag to me without the S pen.. what is the point having a tablet with no S pen..,still a red flag to me without the s pen.. what is the point having a tablet with no s pen..,0,0.0,92,21,0.099,0.901,0.0,-0.296,-0.237,negative,en,S-Pen / Features,keyword,1.0,5,0.825,S-Pen / Bluetooth Removal,Comment: still a red flag to me without the s pen.. what is the point having a tablet with no s pen.. Issue Category: S-Pen / Features Sentiment: negative Topic: S-Pen / Bluetooth Removal Video: Introducing Galaxy Z Fold7 | Galaxy AI | Samsung,0.743,0.096,0.65,0.75,1.0,0.0,0.717,Why are users unhappy about the S-Pen?
2HhrudHXaDs,Introducing Galaxy Z Fold7 | Galaxy AI | Samsung,Samsung,2025-07-09T15:27:09Z,40946263,5777,773,"Introducing the all-new Galaxy Z Fold7. Ultra sleek and ultra powerful, ready to make your everyday more productive and effortless. Learn more: http://smsng.co/ZFold7_Intro_yt

00:00 Intro
00:36 Design
01:10 Hardware
01:45 Battery
02:11 Now Brief
02:24 Gemini Live
02:58 Camera
03:20 ProVisual Engine
03:41 Audio Eraser
03:48 Photo Assist

Q: What's special about the Galaxy Z Fold7's design?
A: Galaxy Z Fold7 features a sleeker, lighter design—just 4.2 mm when open and 8.9 mm when folded. Weighing 215 g, it's the thinnest Galaxy Z Fold yet.

#GalaxyAI #GalaxyZFold7 #camera #UltraSleek #Samsung","audio eraser, camera, galaxy ai, galaxy unpacked 2025, galaxy z fold design, galaxy z fold7, gemini live samsung, new samsung fold phone, samsung, samsung fold camera, samsung foldable, samsung galaxy, samsung galaxy z fold now bar, samsung galaxy z fold photo assist, samsung galaxy z fold7 gemini live, samsung galaxy z fold7 official video, samsung latest mobile, samsung mobile, samsung z fold7, z fold 7 battery life, z fold 7 features, z fold7 ai, AI Phone",UgwgmPp35zxGxmHsPpd4AaABAg,,top_level,@deepakberwal007,"I think due to way too slim fold they removed S pen coz that may gonna make structure weak , So they took durability intothe account rather than giving S pen as additional feature.",0,0,2025-07-10 09:52:34+00:00,2025-07-10T09:52:34Z,True,"I think due to way too slim fold they removed S pen coz that may gonna make structure weak , So they took durability intothe account rather than giving S pen as additional feature.","i think due to way too slim fold they removed s pen coz that may gonna make structure weak , so they took durability intothe account rather than giving s pen as additional feature.",0,0.0,180,34,0.078,0.858,0.064,-0.128,-0.102,negative,en,S-Pen / Features,keyword,1.0,5,0.696,S-Pen / Bluetooth Removal,"Comment: i think due to way too slim fold they removed s pen coz that may gonna make structure weak , so they took durability intothe account rather than giving s pen as additional feature. Issue Category: S-Pen / Features Sentiment: negative Topic: S-Pen / Bluetooth Removal Video: Introducing Galaxy Z Fold7 | Galaxy AI | Samsung",0.693,0.0,0.65,1.0,1.0,0.0,0.715,Why are users unhappy about the S-Pen?
2HhrudHXaDs,Introducing Galaxy Z Fold7 | Galaxy AI | Samsung,Samsung,2025-07-09T15:27:09Z,40946263,5777,773,"Introducing the all-new Galaxy Z Fold7. Ultra sleek and ultra powerful, ready to make your everyday more productive and effortless. Learn more: http://smsng.co/ZFold7_Intro_yt

00:00 Intro
00:36 Design
01:10 Hardware
01:45 Battery
02:11 Now Brief
02:24 Gemini Live
02:58 Camera
03:20 ProVisual Engine
03:41 Audio Eraser
03:48 Photo Assist

Q: What's special about the Galaxy Z Fold7's design?
A: Galaxy Z Fold7 features a sleeker, lighter design—just 4.2 mm when open and 8.9 mm when folded. Weighing 215 g, it's the thinnest Galaxy Z Fold yet.

#GalaxyAI #GalaxyZFold7 #camera #UltraSleek #Samsung","audio eraser, camera, galaxy ai, galaxy unpacked 2025, galaxy z fold design, galaxy z fold7, gemini live samsung, new samsung fold phone, samsung, samsung fold camera, samsung foldable, samsung galaxy, samsung galaxy z fold now bar, samsung galaxy z fold photo assist, samsung galaxy z fold7 gemini live, samsung galaxy z fold7 official video, samsung latest mobile, samsung mobile, samsung z fold7, z fold 7 battery life, z fold 7 features, z fold7 ai, AI Phone",UgxDUmR4vzCs42fMx9t4AaABAg,,top_level,@HIELALALA,Do you guys even use the S-pen or looking for a reason to hate?,2,1,2025-07-10 00:09:54+00:00,2025-07-10T00:09:54Z,True,Do you guys even use the S-pen or looking for a reason to hate?,do you guys even use the s pen or looking for a reason to hate?,0,0.0,63,15,0.209,0.791,0.0,-0.572,-0.458,negative,en,S-Pen / Features,keyword,1.0,5,0.669,S-Pen / Bluetooth Removal,Comment: do you guys even use the s pen or looking for a reason to hate? Issue Category: S-Pen / Features Sentiment: negative Topic: S-Pen / Bluetooth Removal Video: Introducing Galaxy Z Fold7 | Galaxy AI | Samsung,0.736,0.121,0.65,0.75,1.0,0.0,0.713,Why are users unhappy about the S-Pen?
a4NJNdHqs_I,Samsung Galaxy S25 Ultra Review: The Tables Have Turned!,Marques Brownlee,2025-02-05T22:18:18Z,5877632,158154,12519,"Part review part rant. It's still a good phone though.

Get the Samsung Galaxy S25 Ultra at BestBuy in-store or online at https://bit.ly/4h8mjiy

MKBHD Merch: http://shop.MKBHD.com

The Ridge x MKBHD Knife: https://geni.us/YP4ED

Playlist of MKBHD Intro music: https://goo.gl/B3AWV5

Phone provided by Samsung for review.

~
http://twitter.com/MKBHD
http://instagram.com/MKBHD
http://facebook.com/MKBHD","S25 Ultra, Galaxy S25, Galaxy S25 Ultra, S25 Ultra vs, MKBHD, S25 Ultra Review",UgxlI9IzttUVaCo3Toh4AaABAg,,top_level,@muhammadsyazwan5580,Is it is a sign that in future Samsung will finally remove s pen because they start remove little by little the feature to cutting cost ?😅,0,0,2025-02-06 09:08:48+00:00,2025-02-06T09:08:48Z,True,Is it is a sign that in future Samsung will finally remove s pen because they start remove little by little the feature to cutting cost ?😅,is it is a sign that in future samsung will finally remove s pen because they start remove little by little the feature to cutting cost ?,1,0.1,137,27,0.055,0.945,0.0,-0.128,-0.082,negative,en,S-Pen / Features,keyword,1.0,5,0.584,S-Pen / Bluetooth Removal,Comment: is it is a sign that in future samsung will finally remove s pen because they start remove little by little the feature to cutting cost ? Issue Category: S-Pen / Features Sentiment: negative Topic: S-Pen / Bluetooth Removal Video: Samsung Galaxy S25 Ultra Review: The Tables Have Turned!,0.686,0.0,0.65,1.0,1.0,0.0,0.711,Why are users unhappy about the S-Pen?
2HhrudHXaDs,Introducing Galaxy Z Fold7 | Galaxy AI | Samsung,Samsung,2025-07-09T15:27:09Z,40946263,5777,773,"Introducing the all-new Galaxy Z Fold7. Ultra sleek and ultra powerful, ready to make your everyday more productive and effortless. Learn more: http://smsng.co/ZFold7_Intro_yt

00:00 Intro
00:36 Design
01:10 Hardware
01:45 Battery
02:11 Now Brief
02:24 Gemini Live
02:58 Camera
03:20 ProVisual Engine
03:41 Audio Eraser
03:48 Photo Assist

Q: What's special about the Galaxy Z Fold7's design?
A: Galaxy Z Fold7 features a sleeker, lighter design—just 4.2 mm when open and 8.9 mm when folded. Weighing 215 g, it's the thinnest Galaxy Z Fold yet.

#GalaxyAI #GalaxyZFold7 #camera #UltraSleek #Samsung","audio eraser, camera, galaxy ai, galaxy unpacked 2025, galaxy z fold design, galaxy z fold7, gemini live samsung, new samsung fold phone, samsung, samsung fold camera, samsung foldable, samsung galaxy, samsung galaxy z fold now bar, samsung galaxy z fold photo assist, samsung galaxy z fold7 gemini live, samsung galaxy z fold7 official video, samsung latest mobile, samsung mobile, samsung z fold7, z fold 7 battery life, z fold 7 features, z fold7 ai, AI Phone",UgyTK5st4rjDy0mAngZ4AaABAg,,top_level,@hanialabbadi8604,Larger screen but no s pen support? Ridiculous!,323,19,2025-07-09 15:30:20+00:00,2025-07-09T15:30:20Z,True,Larger screen but no s pen support? Ridiculous!,larger screen but no s pen support? ridiculous!,0,0.0,47,8,0.426,0.336,0.238,-0.42,-0.336,negative,en,S-Pen / Features,keyword,1.0,5,0.408,S-Pen / Bluetooth Removal,Comment: larger screen but no s pen support? ridiculous! Issue Category: S-Pen / Features Sentiment: negative Topic: S-Pen / Bluetooth Removal Video: Introducing Galaxy Z Fold7 | Galaxy AI | Samsung,0.66,0.511,0.65,1.0,1.0,0.0,0.711,Why are users unhappy about the S-Pen?
a4NJNdHqs_I,Samsung Galaxy S25 Ultra Review: The Tables Have Turned!,Marques Brownlee,2025-02-05T22:18:18Z,5877632,158154,12519,"Part review part rant. It's still a good phone though.

Get the Samsung Galaxy S25 Ultra at BestBuy in-store or online at https://bit.ly/4h8mjiy

MKBHD Merch: http://shop.MKBHD.com

The Ridge x MKBHD Knife: https://geni.us/YP4ED

Playlist of MKBHD Intro music: https://goo.gl/B3AWV5

Phone provided by Samsung for review.

~
http://twitter.com/MKBHD
http://instagram.com/MKBHD
http://facebook.com/MKBHD","S25 Ultra, Galaxy S25, Galaxy S25 Ultra, S25 Ultra vs, MKBHD, S25 Ultra Review",Ugz1vZiLyNU_arUbHBl4AaABAg,,top_level,@TheEndlessExposure,I'm going to be livid if you are the reason they remove the s pen next year hahaha,0,0,2025-02-06 16:50:17+00:00,2025-02-06T16:54:34Z,True,I'm going to be livid if you are the reason they remove the s pen next year hahaha,i'm going to be livid if you are the reason they remove the s pen next year hahaha,0,0.0,82,18,0.152,0.693,0.156,0.026,0.021,neutral,en,S-Pen / Features,keyword,1.0,5,0.666,S-Pen / Bluetooth Removal,Comment: i'm going to be livid if you are the reason they remove the s pen next year hahaha Issue Category: S-Pen / Features Sentiment: neutral Topic: S-Pen / Bluetooth Removal Video: Samsung Galaxy S25 Ultra Review: The Tables Have Turned!,0.702,0.0,0.65,1.0,0.8,0.0,0.71,Why are users unhappy about the S-Pen?
a4NJNdHqs_I,Samsung Galaxy S25 Ultra Review: The Tables Have Turned!,Marques Brownlee,2025-02-05T22:18:18Z,5877632,158154,12519,"Part review part rant. It's still a good phone though.

Get the Samsung Galaxy S25 Ultra at BestBuy in-store or online at https://bit.ly/4h8mjiy

MKBHD Merch: http://shop.MKBHD.com

The Ridge x MKBHD Knife: https://geni.us/YP4ED

Playlist of MKBHD Intro music: https://goo.gl/B3AWV5

Phone provided by Samsung for review.

~
http://twitter.com/MKBHD
http://instagram.com/MKBHD
http://facebook.com/MKBHD","S25 Ultra, Galaxy S25, Galaxy S25 Ultra, S25 Ultra vs, MKBHD, S25 Ultra Review",Ugyygc355sh8UFNBnot4AaABAg,,top_level,@AffenityWanderer,"MKBHD out here sounding like the king of tech, making decisions for Samsung. Next thing you know, if they remove the S Pen, people will say it’s because he ‘commanded’ it!",11,0,2025-02-06 14:08:52+00:00,2025-02-06T14:08:52Z,True,"MKBHD out here sounding like the king of tech, making decisions for Samsung. Next thing you know, if they remove the S Pen, people will say it’s because he ‘commanded’ it!","mkbhd out here sounding like the king of tech, making decisions for samsung. next thing you know, if they remove the s pen, people will say it s because he commanded it!",0,0.0,169,32,0.0,0.917,0.083,0.42,0.336,positive,en,S-Pen / Features,keyword,1.0,3,0.389,Buying Decision / Value Discussion,"Comment: mkbhd out here sounding like the king of tech, making decisions for samsung. next thing you know, if they remove the s pen, people will say it s because he commanded it! Issue Category: S-Pen / Features Sentiment: positive Topic: Buying Decision / Value Discussion Video: Samsung Galaxy S25 Ultra Review: The Tables Have Turned!",0.733,0.218,0.65,0.75,0.8,0.0,0.704,Why are users unhappy about the S-Pen?
3i1OB6wKYms,Introducing Galaxy S25 Ultra | Galaxy AI | Samsung,Samsung,2025-01-22T19:09:42Z,191059320,103311,7943,"This is the official Galaxy S25 Ultra introduction film. All-new Galaxy S25 Ultra, a true AI companion that combines great intelligence and power to open up your world—making everything more personalized and intuitive than ever before. Learn more: http://smsng.co/Introducing_S25Ultra_yt

00:00 Introducing Galaxy S25 Ultra
00:12 Processor: Snapdragon® 8 Elite for Galaxy
00:30 All-new One UI 7: Built for AI
00:53 Seamless actions across apps: Get things done without having to switch between various apps
01:53 Circle to Search: AI Overviews
02:04 Gemini Live: Conversational AI
02:22 Circle to Search: Music search
02:38 Now Bar and Now Brief: Personalized briefings
03:01 Call Transcript: Call summary and keywords
03:22 Design: Curved edges for a unified design
03:35 Display: ProScaler for clearer viewing experience
03:53 Performance: Heat dissipation architecture
04:21 Camera: Next generation ProVisual Engine
05:01 Audio Eraser: Filter out unwanted background noise from videos

Q: What makes the Galaxy S25 Ultra's processor special?
A: It's a customized processor designed exclusively for Galaxy, delivering peak performance in speed, efficiency, and AI tasks.
Q: What's new in the Galaxy S25 Ultra's camera?
A: It has an all-new 50 MP ultra wide lens, along with telephoto lens. And it still has the 200 MP wide lens everyone loves! It’s all powered by the next generation ProVisual Engine and enhanced AI, so you can take more natural Portraits and clearer Nightography than ever.
Q: Can I change the apps in Now Bar?
A: Yes. While widgets may be limited or hidden behind gestures, Now Bar is always accessible and purpose-built for quick actions.

#GalaxyAI #GalaxyS25Ultra #GalaxyS25","AI features, AI phones, Galaxy AI, S25, S25 Phones, S25 ai, S25 features, S25 plus, S25 ultra, Samsung event, Samsung galaxy unpacked, Samsung unpacked, Unpacked, galaxt, galaxy, galaxy S25 plus, galaxy S25 ultra, galaxy phones, galaxy unpacked, galaxy unpacked 2025, new galaxy phone, new samsung galaxy, samsung, samsung S25 galaxy S25, samsung S25 plus, samsung S25 ultra, samsung galaxt, samsung galaxy, samsung galaxy phones, samsung latest mobile, AI Phone",UgyOmZbiKLzWExzw56x4AaABAg.ADbUNJPzQ2AADbaq9HCCQa,UgyOmZbiKLzWExzw56x4AaABAg,reply,@phothewin6019,@VANTAGROVE Yes. They told us by not putting them lol. Plenty of content creators have uploaded their initial impressions of the phone after using it. It’s confirmed to be removed. The S-Pen is now just a glorified stylus. At least do basic research before you say anything.,35,0,2025-01-22 20:57:01+00:00,2025-01-22T20:57:01Z,True,@VANTAGROVE Yes. They told us by not putting them lol. Plenty of content creators have uploaded their initial impressions of the phone after using it. It’s confirmed to be removed. The S-Pen is now just a glorified stylus. At least do basic research before you say anything.,yes. they told us by not putting them lol. plenty of content creators have uploaded their initial impressions of the phone after using it. it s confirmed to be removed. the s pen is now just a glorified stylus. at least do basic research before you say anything.,0,0.0,262,48,0.043,0.811,0.146,0.678,0.542,positive,en,S-Pen / Features,keyword,1.0,0,0.51,General Samsung / Apple Discussion,Comment: yes. they told us by not putting them lol. plenty of content creators have uploaded their initial impressions of the phone after using it. it s confirmed to be removed. the s pen is now just a glorified stylus. at least do basic research before you say anything. Issue Category: S-Pen / Features Sentiment: positive Topic: General Samsung / Apple Discussion Video: Introducing Galaxy S25 Ultra | Galaxy AI | Samsung,0.675,0.314,0.65,1.0,0.8,0.0,0.704,Why are users unhappy about the S-Pen?
3i1OB6wKYms,Introducing Galaxy S25 Ultra | Galaxy AI | Samsung,Samsung,2025-01-22T19:09:42Z,191059320,103311,7943,"This is the official Galaxy S25 Ultra introduction film. All-new Galaxy S25 Ultra, a true AI companion that combines great intelligence and power to open up your world—making everything more personalized and intuitive than ever before. Learn more: http://smsng.co/Introducing_S25Ultra_yt

00:00 Introducing Galaxy S25 Ultra
00:12 Processor: Snapdragon® 8 Elite for Galaxy
00:30 All-new One UI 7: Built for AI
00:53 Seamless actions across apps: Get things done without having to switch between various apps
01:53 Circle to Search: AI Overviews
02:04 Gemini Live: Conversational AI
02:22 Circle to Search: Music search
02:38 Now Bar and Now Brief: Personalized briefings
03:01 Call Transcript: Call summary and keywords
03:22 Design: Curved edges for a unified design
03:35 Display: ProScaler for clearer viewing experience
03:53 Performance: Heat dissipation architecture
04:21 Camera: Next generation ProVisual Engine
05:01 Audio Eraser: Filter out unwanted background noise from videos

Q: What makes the Galaxy S25 Ultra's processor special?
A: It's a customized processor designed exclusively for Galaxy, delivering peak performance in speed, efficiency, and AI tasks.
Q: What's new in the Galaxy S25 Ultra's camera?
A: It has an all-new 50 MP ultra wide lens, along with telephoto lens. And it still has the 200 MP wide lens everyone loves! It’s all powered by the next generation ProVisual Engine and enhanced AI, so you can take more natural Portraits and clearer Nightography than ever.
Q: Can I change the apps in Now Bar?
A: Yes. While widgets may be limited or hidden behind gestures, Now Bar is always accessible and purpose-built for quick actions.

#GalaxyAI #GalaxyS25Ultra #GalaxyS25","AI features, AI phones, Galaxy AI, S25, S25 Phones, S25 ai, S25 features, S25 plus, S25 ultra, Samsung event, Samsung galaxy unpacked, Samsung unpacked, Unpacked, galaxt, galaxy, galaxy S25 plus, galaxy S25 ultra, galaxy phones, galaxy unpacked, galaxy unpacked 2025, new galaxy phone, new samsung galaxy, samsung, samsung S25 galaxy S25, samsung S25 plus, samsung S25 ultra, samsung galaxt, samsung galaxy, samsung galaxy phones, samsung latest mobile, AI Phone",UgwocrBd_0pM6bklp9V4AaABAg.ADcARU_qOuPAJ5k7pKjdof,UgwocrBd_0pM6bklp9V4AaABAg,reply,@Clajdp,"It's because Samsung found out that less than 1% of it's users used the Bluetooth feature and therefore removed it in the Galaxy S25 Ultra to save resources as the Bluetooth S Pen needs more computing and data inside it. Don't get me wrong though, they still should've kept the feature. By the way, it's not useless. You guys are so dramatic. The entire reason of the S Pen's existence was to write and use it when you couldn't use your fingers. There's also tons of more versatile features on the Galaxy S25 Ultra's S Pen. The S25 is still stunning and the rounded corners were to have a more comfortable grip while holding onto the phone. It's not like it's the worst Samsung phone ever.",3,0,2025-06-08 05:51:38+00:00,2025-06-08T05:51:38Z,True,"It's because Samsung found out that less than 1% of it's users used the Bluetooth feature and therefore removed it in the Galaxy S25 Ultra to save resources as the Bluetooth S Pen needs more computing and data inside it. Don't get me wrong though, they still should've kept the feature. By the way, it's not useless. You guys are so dramatic. The entire reason of the S Pen's existence was to write and use it when you couldn't use your fingers. There's also tons of more versatile features on the Galaxy S25 Ultra's S Pen. The S25 is still stunning and the rounded corners were to have a more comfortable grip while holding onto the phone. It's not like it's the worst Samsung phone ever.","it's because samsung found out that less than 1 of it's users used the bluetooth feature and therefore removed it in the galaxy s25 ultra to save resources as the bluetooth s pen needs more computing and data inside it. don't get me wrong though, they still should've kept the feature. by the way, it's not useless. you guys are so dramatic. the entire reason of the s pen's existence was to write and use it when you couldn't use your fingers. there's also tons of more versatile features on the galaxy s25 ultra's s pen. the s25 is still stunning and the rounded corners were to have a more comfortable grip while holding onto the phone. it's not like it's the worst samsung phone ever.",0,0.0,688,126,0.045,0.853,0.102,0.795,0.636,positive,en,S-Pen / Features,keyword,1.0,5,0.489,S-Pen / Bluetooth Removal,"Comment: it's because samsung found out that less than 1 of it's users used the bluetooth feature and therefore removed it in the galaxy s25 ultra to save resources as the bluetooth s pen needs more computing and data inside it. don't get me wrong though, they still should've kept the feature. by the way, it's not useless. you guys are so dramatic. the entire reason of the s pen's existence was to write and use it when you couldn't use your fingers. there's also tons of more versatile features on the galaxy s25 ultra's s pen. the s25 is still stunning and the rounded corners were to have a more comfortable grip while holding onto the phone. it's not like it's the worst samsung phone ever. Issue Category: S-Pen / Features Sentiment: positive Topic: S-Pen / Bluetooth Removal Video: Introducing Galaxy S25 Ultra | Galaxy AI | Samsung",0.681,0.121,0.65,1.0,0.8,0.0,0.701,Why are users unhappy about the S-Pen?
3i1OB6wKYms,Introducing Galaxy S25 Ultra | Galaxy AI | Samsung,Samsung,2025-01-22T19:09:42Z,191059320,103311,7943,"This is the official Galaxy S25 Ultra introduction film. All-new Galaxy S25 Ultra, a true AI companion that combines great intelligence and power to open up your world—making everything more personalized and intuitive than ever before. Learn more: http://smsng.co/Introducing_S25Ultra_yt

00:00 Introducing Galaxy S25 Ultra
00:12 Processor: Snapdragon® 8 Elite for Galaxy
00:30 All-new One UI 7: Built for AI
00:53 Seamless actions across apps: Get things done without having to switch between various apps
01:53 Circle to Search: AI Overviews
02:04 Gemini Live: Conversational AI
02:22 Circle to Search: Music search
02:38 Now Bar and Now Brief: Personalized briefings
03:01 Call Transcript: Call summary and keywords
03:22 Design: Curved edges for a unified design
03:35 Display: ProScaler for clearer viewing experience
03:53 Performance: Heat dissipation architecture
04:21 Camera: Next generation ProVisual Engine
05:01 Audio Eraser: Filter out unwanted background noise from videos

Q: What makes the Galaxy S25 Ultra's processor special?
A: It's a customized processor designed exclusively for Galaxy, delivering peak performance in speed, efficiency, and AI tasks.
Q: What's new in the Galaxy S25 Ultra's camera?
A: It has an all-new 50 MP ultra wide lens, along with telephoto lens. And it still has the 200 MP wide lens everyone loves! It’s all powered by the next generation ProVisual Engine and enhanced AI, so you can take more natural Portraits and clearer Nightography than ever.
Q: Can I change the apps in Now Bar?
A: Yes. While widgets may be limited or hidden behind gestures, Now Bar is always accessible and purpose-built for quick actions.

#GalaxyAI #GalaxyS25Ultra #GalaxyS25","AI features, AI phones, Galaxy AI, S25, S25 Phones, S25 ai, S25 features, S25 plus, S25 ultra, Samsung event, Samsung galaxy unpacked, Samsung unpacked, Unpacked, galaxt, galaxy, galaxy S25 plus, galaxy S25 ultra, galaxy phones, galaxy unpacked, galaxy unpacked 2025, new galaxy phone, new samsung galaxy, samsung, samsung S25 galaxy S25, samsung S25 plus, samsung S25 ultra, samsung galaxt, samsung galaxy, samsung galaxy phones, samsung latest mobile, AI Phone",UgzfA7vSfppNxdJ7WUB4AaABAg,,top_level,@Mr.J_Aruba,"I just wish Samsung used Google apps instead of their own. Gmail is better, Google chrome is better, Google Calendar is better. And both can work together for the best experience. Gemini is better integrated into all Google apps anyway.",0,0,2025-01-24 00:16:09+00:00,2025-01-24T00:16:09Z,True,"I just wish Samsung used Google apps instead of their own. Gmail is better, Google chrome is better, Google Calendar is better. And both can work together for the best experience. Gemini is better integrated into all Google apps anyway.","i just wish samsung used google apps instead of their own. gmail is better, google chrome is better, google calendar is better. and both can work together for the best experience. gemini is better integrated into all google apps anyway.",0,0.0,236,40,0.0,0.648,0.352,0.955,0.764,positive,en,AI / Gemini,keyword,1.0,1,0.592,"AI, Battery, Camera and Feature Discussion","Comment: i just wish samsung used google apps instead of their own. gmail is better, google chrome is better, google calendar is better. and both can work together for the best experience. gemini is better integrated into all google apps anyway. Issue Category: AI / Gemini Sentiment: positive Topic: AI, Battery, Camera and Feature Discussion Video: Introducing Galaxy S25 Ultra | Galaxy AI | Samsung",0.719,0.0,0.65,1.0,0.5,0.0,0.705,What do users think about Galaxy AI and Gemini?
3i1OB6wKYms,Introducing Galaxy S25 Ultra | Galaxy AI | Samsung,Samsung,2025-01-22T19:09:42Z,191059320,103311,7943,"This is the official Galaxy S25 Ultra introduction film. All-new Galaxy S25 Ultra, a true AI companion that combines great intelligence and power to open up your world—making everything more personalized and intuitive than ever before. Learn more: http://smsng.co/Introducing_S25Ultra_yt

00:00 Introducing Galaxy S25 Ultra
00:12 Processor: Snapdragon® 8 Elite for Galaxy
00:30 All-new One UI 7: Built for AI
00:53 Seamless actions across apps: Get things done without having to switch between various apps
01:53 Circle to Search: AI Overviews
02:04 Gemini Live: Conversational AI
02:22 Circle to Search: Music search
02:38 Now Bar and Now Brief: Personalized briefings
03:01 Call Transcript: Call summary and keywords
03:22 Design: Curved edges for a unified design
03:35 Display: ProScaler for clearer viewing experience
03:53 Performance: Heat dissipation architecture
04:21 Camera: Next generation ProVisual Engine
05:01 Audio Eraser: Filter out unwanted background noise from videos

Q: What makes the Galaxy S25 Ultra's processor special?
A: It's a customized processor designed exclusively for Galaxy, delivering peak performance in speed, efficiency, and AI tasks.
Q: What's new in the Galaxy S25 Ultra's camera?
A: It has an all-new 50 MP ultra wide lens, along with telephoto lens. And it still has the 200 MP wide lens everyone loves! It’s all powered by the next generation ProVisual Engine and enhanced AI, so you can take more natural Portraits and clearer Nightography than ever.
Q: Can I change the apps in Now Bar?
A: Yes. While widgets may be limited or hidden behind gestures, Now Bar is always accessible and purpose-built for quick actions.

#GalaxyAI #GalaxyS25Ultra #GalaxyS25","AI features, AI phones, Galaxy AI, S25, S25 Phones, S25 ai, S25 features, S25 plus, S25 ultra, Samsung event, Samsung galaxy unpacked, Samsung unpacked, Unpacked, galaxt, galaxy, galaxy S25 plus, galaxy S25 ultra, galaxy phones, galaxy unpacked, galaxy unpacked 2025, new galaxy phone, new samsung galaxy, samsung, samsung S25 galaxy S25, samsung S25 plus, samsung S25 ultra, samsung galaxt, samsung galaxy, samsung galaxy phones, samsung latest mobile, AI Phone",Ugzh1XjiT6GsUizSVDp4AaABAg.ADbux1fjhH4ADcGiEOn8N5,Ugzh1XjiT6GsUizSVDp4AaABAg,reply,@aunghkantpaing729,"Actually the new one UI integrates more with Gemini AI which makes it Galaxy AI. It might be more seamless and more functional to others Gemini AI features in others brand since the UI/UX is different and it got a great performance chip (Snap 8 Elite for Galaxy) which is optimized purely for this phone so it can handle massive amounts of data and complex commands. And as I understand, they have removed their own Bixby and they just base Gemini and make it more better with their twist.",2,0,2025-01-23 03:11:40+00:00,2025-01-23T03:11:40Z,True,"Actually the new one UI integrates more with Gemini AI which makes it Galaxy AI. It might be more seamless and more functional to others Gemini AI features in others brand since the UI/UX is different and it got a great performance chip (Snap 8 Elite for Galaxy) which is optimized purely for this phone so it can handle massive amounts of data and complex commands. And as I understand, they have removed their own Bixby and they just base Gemini and make it more better with their twist.","actually the new one ui integrates more with gemini ai which makes it galaxy ai. it might be more seamless and more functional to others gemini ai features in others brand since the ui ux is different and it got a great performance chip snap 8 elite for galaxy which is optimized purely for this phone so it can handle massive amounts of data and complex commands. and as i understand, they have removed their own bixby and they just base gemini and make it more better with their twist.",0,0.0,487,90,0.0,0.894,0.106,0.883,0.707,positive,en,AI / Gemini,keyword,1.0,1,0.448,"AI, Battery, Camera and Feature Discussion","Comment: actually the new one ui integrates more with gemini ai which makes it galaxy ai. it might be more seamless and more functional to others gemini ai features in others brand since the ui ux is different and it got a great performance chip snap 8 elite for galaxy which is optimized purely for this phone so it can handle massive amounts of data and complex commands. and as i understand, they have removed their own bixby and they just base gemini and make it more better with their twist. Issue Category: AI / Gemini Sentiment: positive Topic: AI, Battery, Camera and Feature Discussion Video: Introducing Galaxy S25 Ultra | Galaxy AI | Samsung",0.709,0.096,0.65,1.0,0.5,0.0,0.702,What do users think about Galaxy AI and Gemini?
3i1OB6wKYms,Introducing Galaxy S25 Ultra | Galaxy AI | Samsung,Samsung,2025-01-22T19:09:42Z,191059320,103311,7943,"This is the official Galaxy S25 Ultra introduction film. All-new Galaxy S25 Ultra, a true AI companion that combines great intelligence and power to open up your world—making everything more personalized and intuitive than ever before. Learn more: http://smsng.co/Introducing_S25Ultra_yt

00:00 Introducing Galaxy S25 Ultra
00:12 Processor: Snapdragon® 8 Elite for Galaxy
00:30 All-new One UI 7: Built for AI
00:53 Seamless actions across apps: Get things done without having to switch between various apps
01:53 Circle to Search: AI Overviews
02:04 Gemini Live: Conversational AI
02:22 Circle to Search: Music search
02:38 Now Bar and Now Brief: Personalized briefings
03:01 Call Transcript: Call summary and keywords
03:22 Design: Curved edges for a unified design
03:35 Display: ProScaler for clearer viewing experience
03:53 Performance: Heat dissipation architecture
04:21 Camera: Next generation ProVisual Engine
05:01 Audio Eraser: Filter out unwanted background noise from videos

Q: What makes the Galaxy S25 Ultra's processor special?
A: It's a customized processor designed exclusively for Galaxy, delivering peak performance in speed, efficiency, and AI tasks.
Q: What's new in the Galaxy S25 Ultra's camera?
A: It has an all-new 50 MP ultra wide lens, along with telephoto lens. And it still has the 200 MP wide lens everyone loves! It’s all powered by the next generation ProVisual Engine and enhanced AI, so you can take more natural Portraits and clearer Nightography than ever.
Q: Can I change the apps in Now Bar?
A: Yes. While widgets may be limited or hidden behind gestures, Now Bar is always accessible and purpose-built for quick actions.

#GalaxyAI #GalaxyS25Ultra #GalaxyS25","AI features, AI phones, Galaxy AI, S25, S25 Phones, S25 ai, S25 features, S25 plus, S25 ultra, Samsung event, Samsung galaxy unpacked, Samsung unpacked, Unpacked, galaxt, galaxy, galaxy S25 plus, galaxy S25 ultra, galaxy phones, galaxy unpacked, galaxy unpacked 2025, new galaxy phone, new samsung galaxy, samsung, samsung S25 galaxy S25, samsung S25 plus, samsung S25 ultra, samsung galaxt, samsung galaxy, samsung galaxy phones, samsung latest mobile, AI Phone",UgwfQIm3ZCj30P7-Sdx4AaABAg,,top_level,@memestrous,We don't care about gemini or AI assistants. No one uses them lol.,0,1,2025-01-23 09:57:44+00:00,2025-01-23T09:57:44Z,True,We don't care about gemini or AI assistants. No one uses them lol.,we don't care about gemini or ai assistants. no one uses them lol.,0,0.0,66,13,0.274,0.567,0.159,-0.256,-0.205,negative,en,AI / Gemini,keyword,1.0,3,0.518,Buying Decision / Value Discussion,Comment: we don't care about gemini or ai assistants. no one uses them lol. Issue Category: AI / Gemini Sentiment: negative Topic: Buying Decision / Value Discussion Video: Introducing Galaxy S25 Ultra | Galaxy AI | Samsung,0.74,0.061,0.65,0.75,0.5,0.0,0.689,What do users think about Galaxy AI and Gemini?
3i1OB6wKYms,Introducing Galaxy S25 Ultra | Galaxy AI | Samsung,Samsung,2025-01-22T19:09:42Z,191059320,103311,7943,"This is the official Galaxy S25 Ultra introduction film. All-new Galaxy S25 Ultra, a true AI companion that combines great intelligence and power to open up your world—making everything more personalized and intuitive than ever before. Learn more: http://smsng.co/Introducing_S25Ultra_yt

00:00 Introducing Galaxy S25 Ultra
00:12 Processor: Snapdragon® 8 Elite for Galaxy
00:30 All-new One UI 7: Built for AI
00:53 Seamless actions across apps: Get things done without having to switch between various apps
01:53 Circle to Search: AI Overviews
02:04 Gemini Live: Conversational AI
02:22 Circle to Search: Music search
02:38 Now Bar and Now Brief: Personalized briefings
03:01 Call Transcript: Call summary and keywords
03:22 Design: Curved edges for a unified design
03:35 Display: ProScaler for clearer viewing experience
03:53 Performance: Heat dissipation architecture
04:21 Camera: Next generation ProVisual Engine
05:01 Audio Eraser: Filter out unwanted background noise from videos

Q: What makes the Galaxy S25 Ultra's processor special?
A: It's a customized processor designed exclusively for Galaxy, delivering peak performance in speed, efficiency, and AI tasks.
Q: What's new in the Galaxy S25 Ultra's camera?
A: It has an all-new 50 MP ultra wide lens, along with telephoto lens. And it still has the 200 MP wide lens everyone loves! It’s all powered by the next generation ProVisual Engine and enhanced AI, so you can take more natural Portraits and clearer Nightography than ever.
Q: Can I change the apps in Now Bar?
A: Yes. While widgets may be limited or hidden behind gestures, Now Bar is always accessible and purpose-built for quick actions.

#GalaxyAI #GalaxyS25Ultra #GalaxyS25","AI features, AI phones, Galaxy AI, S25, S25 Phones, S25 ai, S25 features, S25 plus, S25 ultra, Samsung event, Samsung galaxy unpacked, Samsung unpacked, Unpacked, galaxt, galaxy, galaxy S25 plus, galaxy S25 ultra, galaxy phones, galaxy unpacked, galaxy unpacked 2025, new galaxy phone, new samsung galaxy, samsung, samsung S25 galaxy S25, samsung S25 plus, samsung S25 ultra, samsung galaxt, samsung galaxy, samsung galaxy phones, samsung latest mobile, AI Phone",UgzU0hDdHNVJZ_EdjeR4AaABAg,,top_level,@TamFishe,"i still think gemini is a google flop like many of the services they've experimented with in the past. still rocking my a25, waiting for the oneui 7 samsung...
also disappointed about unpacked 2025.",0,0,2025-01-22 22:41:07+00:00,2025-01-22T22:41:07Z,True,"i still think gemini is a google flop like many of the services they've experimented with in the past. still rocking my a25, waiting for the oneui 7 samsung...
also disappointed about unpacked 2025.","i still think gemini is a google flop like many of the services they've experimented with in the past. still rocking my a25, waiting for the oneui 7 samsung... also disappointed about unpacked 2025.",0,0.0,198,34,0.141,0.795,0.064,-0.459,-0.367,negative,en,AI / Gemini,keyword,1.0,0,0.51,General Samsung / Apple Discussion,"Comment: i still think gemini is a google flop like many of the services they've experimented with in the past. still rocking my a25, waiting for the oneui 7 samsung... also disappointed about unpacked 2025. Issue Category: AI / Gemini Sentiment: negative Topic: General Samsung / Apple Discussion Video: Introducing Galaxy S25 Ultra | Galaxy AI | Samsung",0.691,0.0,0.65,1.0,0.5,0.0,0.689,What do users think about Galaxy AI and Gemini?
3i1OB6wKYms,Introducing Galaxy S25 Ultra | Galaxy AI | Samsung,Samsung,2025-01-22T19:09:42Z,191059320,103311,7943,"This is the official Galaxy S25 Ultra introduction film. All-new Galaxy S25 Ultra, a true AI companion that combines great intelligence and power to open up your world—making everything more personalized and intuitive than ever before. Learn more: http://smsng.co/Introducing_S25Ultra_yt

00:00 Introducing Galaxy S25 Ultra
00:12 Processor: Snapdragon® 8 Elite for Galaxy
00:30 All-new One UI 7: Built for AI
00:53 Seamless actions across apps: Get things done without having to switch between various apps
01:53 Circle to Search: AI Overviews
02:04 Gemini Live: Conversational AI
02:22 Circle to Search: Music search
02:38 Now Bar and Now Brief: Personalized briefings
03:01 Call Transcript: Call summary and keywords
03:22 Design: Curved edges for a unified design
03:35 Display: ProScaler for clearer viewing experience
03:53 Performance: Heat dissipation architecture
04:21 Camera: Next generation ProVisual Engine
05:01 Audio Eraser: Filter out unwanted background noise from videos

Q: What makes the Galaxy S25 Ultra's processor special?
A: It's a customized processor designed exclusively for Galaxy, delivering peak performance in speed, efficiency, and AI tasks.
Q: What's new in the Galaxy S25 Ultra's camera?
A: It has an all-new 50 MP ultra wide lens, along with telephoto lens. And it still has the 200 MP wide lens everyone loves! It’s all powered by the next generation ProVisual Engine and enhanced AI, so you can take more natural Portraits and clearer Nightography than ever.
Q: Can I change the apps in Now Bar?
A: Yes. While widgets may be limited or hidden behind gestures, Now Bar is always accessible and purpose-built for quick actions.

#GalaxyAI #GalaxyS25Ultra #GalaxyS25","AI features, AI phones, Galaxy AI, S25, S25 Phones, S25 ai, S25 features, S25 plus, S25 ultra, Samsung event, Samsung galaxy unpacked, Samsung unpacked, Unpacked, galaxt, galaxy, galaxy S25 plus, galaxy S25 ultra, galaxy phones, galaxy unpacked, galaxy unpacked 2025, new galaxy phone, new samsung galaxy, samsung, samsung S25 galaxy S25, samsung S25 plus, samsung S25 ultra, samsung galaxt, samsung galaxy, samsung galaxy phones, samsung latest mobile, AI Phone",UgyIcS0KWZ_7SbEuJBh4AaABAg,,top_level,@Kissmanay_28,What percentage of the users will ACTUALLY use gemini or AI anyways. 🤷 hard pass.,0,0,2025-01-23 02:38:04+00:00,2025-01-23T02:38:04Z,True,What percentage of the users will ACTUALLY use gemini or AI anyways. 🤷 hard pass.,what percentage of the users will actually use gemini or ai anyways. hard pass.,0,0.0,79,14,0.097,0.903,0.0,-0.103,-0.082,negative,en,AI / Gemini,keyword,1.0,5,0.591,S-Pen / Bluetooth Removal,Comment: what percentage of the users will actually use gemini or ai anyways. hard pass. Issue Category: AI / Gemini Sentiment: negative Topic: S-Pen / Bluetooth Removal Video: Introducing Galaxy S25 Ultra | Galaxy AI | Samsung,0.729,0.0,0.65,0.75,0.5,0.0,0.681,What do users think about Galaxy AI and Gemini?
3i1OB6wKYms,Introducing Galaxy S25 Ultra | Galaxy AI | Samsung,Samsung,2025-01-22T19:09:42Z,191059320,103311,7943,"This is the official Galaxy S25 Ultra introduction film. All-new Galaxy S25 Ultra, a true AI companion that combines great intelligence and power to open up your world—making everything more personalized and intuitive than ever before. Learn more: http://smsng.co/Introducing_S25Ultra_yt

00:00 Introducing Galaxy S25 Ultra
00:12 Processor: Snapdragon® 8 Elite for Galaxy
00:30 All-new One UI 7: Built for AI
00:53 Seamless actions across apps: Get things done without having to switch between various apps
01:53 Circle to Search: AI Overviews
02:04 Gemini Live: Conversational AI
02:22 Circle to Search: Music search
02:38 Now Bar and Now Brief: Personalized briefings
03:01 Call Transcript: Call summary and keywords
03:22 Design: Curved edges for a unified design
03:35 Display: ProScaler for clearer viewing experience
03:53 Performance: Heat dissipation architecture
04:21 Camera: Next generation ProVisual Engine
05:01 Audio Eraser: Filter out unwanted background noise from videos

Q: What makes the Galaxy S25 Ultra's processor special?
A: It's a customized processor designed exclusively for Galaxy, delivering peak performance in speed, efficiency, and AI tasks.
Q: What's new in the Galaxy S25 Ultra's camera?
A: It has an all-new 50 MP ultra wide lens, along with telephoto lens. And it still has the 200 MP wide lens everyone loves! It’s all powered by the next generation ProVisual Engine and enhanced AI, so you can take more natural Portraits and clearer Nightography than ever.
Q: Can I change the apps in Now Bar?
A: Yes. While widgets may be limited or hidden behind gestures, Now Bar is always accessible and purpose-built for quick actions.

#GalaxyAI #GalaxyS25Ultra #GalaxyS25","AI features, AI phones, Galaxy AI, S25, S25 Phones, S25 ai, S25 features, S25 plus, S25 ultra, Samsung event, Samsung galaxy unpacked, Samsung unpacked, Unpacked, galaxt, galaxy, galaxy S25 plus, galaxy S25 ultra, galaxy phones, galaxy unpacked, galaxy unpacked 2025, new galaxy phone, new samsung galaxy, samsung, samsung S25 galaxy S25, samsung S25 plus, samsung S25 ultra, samsung galaxt, samsung galaxy, samsung galaxy phones, samsung latest mobile, AI Phone",UgxaIQOYXPFnUCqS-Ox4AaABAg,,top_level,@whoisyurii,"Perfect !I use Samsung AI every day, but with this Gemini interaction it will be 10x times better!",1,0,2025-01-22 19:40:34+00:00,2025-01-22T19:40:45Z,True,"Perfect !I use Samsung AI every day, but with this Gemini interaction it will be 10x times better!","perfect !i use samsung ai every day, but with this gemini interaction it will be 10x times better!",0,0.0,98,18,0.0,0.702,0.298,0.777,0.622,positive,en,AI / Gemini,keyword,1.0,1,0.518,"AI, Battery, Camera and Feature Discussion","Comment: perfect !i use samsung ai every day, but with this gemini interaction it will be 10x times better! Issue Category: AI / Gemini Sentiment: positive Topic: AI, Battery, Camera and Feature Discussion Video: Introducing Galaxy S25 Ultra | Galaxy AI | Samsung",0.714,0.061,0.65,0.75,0.5,0.0,0.674,What do users think about Galaxy AI and Gemini?
3i1OB6wKYms,Introducing Galaxy S25 Ultra | Galaxy AI | Samsung,Samsung,2025-01-22T19:09:42Z,191059320,103311,7943,"This is the official Galaxy S25 Ultra introduction film. All-new Galaxy S25 Ultra, a true AI companion that combines great intelligence and power to open up your world—making everything more personalized and intuitive than ever before. Learn more: http://smsng.co/Introducing_S25Ultra_yt

00:00 Introducing Galaxy S25 Ultra
00:12 Processor: Snapdragon® 8 Elite for Galaxy
00:30 All-new One UI 7: Built for AI
00:53 Seamless actions across apps: Get things done without having to switch between various apps
01:53 Circle to Search: AI Overviews
02:04 Gemini Live: Conversational AI
02:22 Circle to Search: Music search
02:38 Now Bar and Now Brief: Personalized briefings
03:01 Call Transcript: Call summary and keywords
03:22 Design: Curved edges for a unified design
03:35 Display: ProScaler for clearer viewing experience
03:53 Performance: Heat dissipation architecture
04:21 Camera: Next generation ProVisual Engine
05:01 Audio Eraser: Filter out unwanted background noise from videos

Q: What makes the Galaxy S25 Ultra's processor special?
A: It's a customized processor designed exclusively for Galaxy, delivering peak performance in speed, efficiency, and AI tasks.
Q: What's new in the Galaxy S25 Ultra's camera?
A: It has an all-new 50 MP ultra wide lens, along with telephoto lens. And it still has the 200 MP wide lens everyone loves! It’s all powered by the next generation ProVisual Engine and enhanced AI, so you can take more natural Portraits and clearer Nightography than ever.
Q: Can I change the apps in Now Bar?
A: Yes. While widgets may be limited or hidden behind gestures, Now Bar is always accessible and purpose-built for quick actions.

#GalaxyAI #GalaxyS25Ultra #GalaxyS25","AI features, AI phones, Galaxy AI, S25, S25 Phones, S25 ai, S25 features, S25 plus, S25 ultra, Samsung event, Samsung galaxy unpacked, Samsung unpacked, Unpacked, galaxt, galaxy, galaxy S25 plus, galaxy S25 ultra, galaxy phones, galaxy unpacked, galaxy unpacked 2025, new galaxy phone, new samsung galaxy, samsung, samsung S25 galaxy S25, samsung S25 plus, samsung S25 ultra, samsung galaxt, samsung galaxy, samsung galaxy phones, samsung latest mobile, AI Phone",UgzDDcWkXweHN3DvT-h4AaABAg.ADj2BBelJ0BAOIkjbuvU7O,UgzDDcWkXweHN3DvT-h4AaABAg,reply,@msnbcnbccnnbun,"@Rikipaus You have to PAY to use galaxy AI next year, google and other companies within the gemini partnership should not be ridiculing a paid feature to justify 800 dollars for a phone (A series has galaxy AI but samsung wont market it as a business tactic)",0,0,2025-10-15 13:44:02+00:00,2025-10-15T13:44:02Z,True,"@Rikipaus You have to PAY to use galaxy AI next year, google and other companies within the gemini partnership should not be ridiculing a paid feature to justify 800 dollars for a phone (A series has galaxy AI but samsung wont market it as a business tactic)","you have to pay to use galaxy ai next year, google and other companies within the gemini partnership should not be ridiculing a paid feature to justify 800 dollars for a phone a series has galaxy ai but samsung wont market it as a business tactic",0,0.0,246,46,0.026,0.939,0.036,0.12,0.096,positive,en,AI / Gemini,keyword,1.0,3,0.37,Buying Decision / Value Discussion,"Comment: you have to pay to use galaxy ai next year, google and other companies within the gemini partnership should not be ridiculing a paid feature to justify 800 dollars for a phone a series has galaxy ai but samsung wont market it as a business tactic Issue Category: AI / Gemini Sentiment: positive Topic: Buying Decision / Value Discussion Video: Introducing Galaxy S25 Ultra | Galaxy AI | Samsung",0.663,0.0,0.65,1.0,0.5,0.0,0.672,What do users think about Galaxy AI and Gemini?
3i1OB6wKYms,Introducing Galaxy S25 Ultra | Galaxy AI | Samsung,Samsung,2025-01-22T19:09:42Z,191059320,103311,7943,"This is the official Galaxy S25 Ultra introduction film. All-new Galaxy S25 Ultra, a true AI companion that combines great intelligence and power to open up your world—making everything more personalized and intuitive than ever before. Learn more: http://smsng.co/Introducing_S25Ultra_yt

00:00 Introducing Galaxy S25 Ultra
00:12 Processor: Snapdragon® 8 Elite for Galaxy
00:30 All-new One UI 7: Built for AI
00:53 Seamless actions across apps: Get things done without having to switch between various apps
01:53 Circle to Search: AI Overviews
02:04 Gemini Live: Conversational AI
02:22 Circle to Search: Music search
02:38 Now Bar and Now Brief: Personalized briefings
03:01 Call Transcript: Call summary and keywords
03:22 Design: Curved edges for a unified design
03:35 Display: ProScaler for clearer viewing experience
03:53 Performance: Heat dissipation architecture
04:21 Camera: Next generation ProVisual Engine
05:01 Audio Eraser: Filter out unwanted background noise from videos

Q: What makes the Galaxy S25 Ultra's processor special?
A: It's a customized processor designed exclusively for Galaxy, delivering peak performance in speed, efficiency, and AI tasks.
Q: What's new in the Galaxy S25 Ultra's camera?
A: It has an all-new 50 MP ultra wide lens, along with telephoto lens. And it still has the 200 MP wide lens everyone loves! It’s all powered by the next generation ProVisual Engine and enhanced AI, so you can take more natural Portraits and clearer Nightography than ever.
Q: Can I change the apps in Now Bar?
A: Yes. While widgets may be limited or hidden behind gestures, Now Bar is always accessible and purpose-built for quick actions.

#GalaxyAI #GalaxyS25Ultra #GalaxyS25","AI features, AI phones, Galaxy AI, S25, S25 Phones, S25 ai, S25 features, S25 plus, S25 ultra, Samsung event, Samsung galaxy unpacked, Samsung unpacked, Unpacked, galaxt, galaxy, galaxy S25 plus, galaxy S25 ultra, galaxy phones, galaxy unpacked, galaxy unpacked 2025, new galaxy phone, new samsung galaxy, samsung, samsung S25 galaxy S25, samsung S25 plus, samsung S25 ultra, samsung galaxt, samsung galaxy, samsung galaxy phones, samsung latest mobile, AI Phone",UgyFGnpFITi_LnYvbVx4AaABAg,,top_level,@HareshNayak-t7f,"Dear Samsung, Thanks for letting me know what all Google Gemini can go. Dear Google, you saved money here for your product advertisement.",0,0,2025-01-23 09:34:19+00:00,2025-01-23T09:34:19Z,True,"Dear Samsung, Thanks for letting me know what all Google Gemini can go. Dear Google, you saved money here for your product advertisement.","dear samsung, thanks for letting me know what all google gemini can go. dear google, you saved money here for your product advertisement.",0,0.0,137,23,0.0,0.635,0.365,0.872,0.698,positive,en,AI / Gemini,keyword,1.0,0,0.448,General Samsung / Apple Discussion,"Comment: dear samsung, thanks for letting me know what all google gemini can go. dear google, you saved money here for your product advertisement. Issue Category: AI / Gemini Sentiment: positive Topic: General Samsung / Apple Discussion Video: Introducing Galaxy S25 Ultra | Galaxy AI | Samsung",0.658,0.0,0.65,1.0,0.5,0.0,0.669,What do users think about Galaxy AI and Gemini?
2gYqEi8-am4,Introducing Galaxy S26 Ultra | Galaxy AI | Samsung,Samsung,2026-02-25T19:17:48Z,54215181,47421,3321,"This is the official Galaxy S26 Ultra introduction film. The AI phone that makes your everyday easy and effortless. With the revolutionary Privacy Display, next-level pro cameras, and Galaxy AI. Learn more: http://smsng.co/S26Ultra_Intro_yt

00:00 Intro
00:30 The Most Powerful Processor
00:39 Customized Processor
00:47 Customized Image Enhancer 
00:57 The World’s First Privacy Display 
01:28 Next-Level Pro Cameras
01:35 Super Steady Video
01:46 Nightography Video
02:14 Photo Assist 
02:30 Creative Studio
02:43 Now Nudge
03:03 Now Brief
03:15 Samsung Knox 

Q: How can Privacy Display on Galaxy S26 Ultra help me?
A: If you're worried about people being able to view your personal information when you're in a crowded space, you can activate Privacy Display to hide your full screen from others.
Q: What has improved in the Galaxy S26 Ultra's camera compared to the Galaxy S25 Ultra?
A: Wider apertures mean the 200 MP Wide camera opens to F1.4. The 50 MP Telephoto camera, with 5x optical zoom and 10x optical quality zoom, now opens to F2.9. This allows in more light for improved brightness.
Q: What's the new key AI feature available on Galaxy S26 Ultra?
A: Now Nudge is a new feature that intelligently understands what's on your screen and will provide suggestions, such as viewing your ‘Calendar’ to add an event or the option to jump straight to your ‘Gallery’ when someone asks you to share photos with them.
Q: Which messaging apps are supported by Now Nudge?
A: Text message prompts are currently available with Samsung Messages and certain third-party messaging apps including Google Messages and Google Chat. Based on availability at the time of product launch. May change without notice.

#GalaxyAI #GalaxyS26Ultra #GalaxyS26 #Samsung","ai phone, ai smartphone, best smartphone ai, creative studio, galaxy ai, galaxy s26 ultra, galaxy unpacked 2026, generative ai, introduction film, latest samsung galaxy phone, new ai phone, new phone launch 2026, nightography, now brief, now nudge, photo assist, privacy display, s26 features, samsung, samsung galaxy, samsung galaxy phones, samsung galaxy unpacked, samsung mobile, samsung s26 ad, samsung s26 commercial, samsung s26 ultra, super steady",UgzwW0e1X5nNEAu9mvB4AaABAg,,top_level,@samzukwu,i dont think that so much AI is a PLUS for the phone. i would say its a BIG minus for me.,0,0,2026-02-26 00:07:44+00:00,2026-02-26T00:07:44Z,True,i dont think that so much AI is a PLUS for the phone. i would say its a BIG minus for me.,i dont think that so much ai is a plus for the phone. i would say its a big minus for me.,0,0.0,89,22,0.0,1.0,0.0,0.0,0.0,neutral,en,AI / Gemini,keyword,1.0,3,0.614,Buying Decision / Value Discussion,Comment: i dont think that so much ai is a plus for the phone. i would say its a big minus for me. Issue Category: AI / Gemini Sentiment: neutral Topic: Buying Decision / Value Discussion Video: Introducing Galaxy S26 Ultra | Galaxy AI | Samsung,0.704,0.0,0.65,0.75,0.5,0.0,0.666,What do users think about Galaxy AI and Gemini?
3i1OB6wKYms,Introducing Galaxy S25 Ultra | Galaxy AI | Samsung,Samsung,2025-01-22T19:09:42Z,191059320,103311,7943,"This is the official Galaxy S25 Ultra introduction film. All-new Galaxy S25 Ultra, a true AI companion that combines great intelligence and power to open up your world—making everything more personalized and intuitive than ever before. Learn more: http://smsng.co/Introducing_S25Ultra_yt

00:00 Introducing Galaxy S25 Ultra
00:12 Processor: Snapdragon® 8 Elite for Galaxy
00:30 All-new One UI 7: Built for AI
00:53 Seamless actions across apps: Get things done without having to switch between various apps
01:53 Circle to Search: AI Overviews
02:04 Gemini Live: Conversational AI
02:22 Circle to Search: Music search
02:38 Now Bar and Now Brief: Personalized briefings
03:01 Call Transcript: Call summary and keywords
03:22 Design: Curved edges for a unified design
03:35 Display: ProScaler for clearer viewing experience
03:53 Performance: Heat dissipation architecture
04:21 Camera: Next generation ProVisual Engine
05:01 Audio Eraser: Filter out unwanted background noise from videos

Q: What makes the Galaxy S25 Ultra's processor special?
A: It's a customized processor designed exclusively for Galaxy, delivering peak performance in speed, efficiency, and AI tasks.
Q: What's new in the Galaxy S25 Ultra's camera?
A: It has an all-new 50 MP ultra wide lens, along with telephoto lens. And it still has the 200 MP wide lens everyone loves! It’s all powered by the next generation ProVisual Engine and enhanced AI, so you can take more natural Portraits and clearer Nightography than ever.
Q: Can I change the apps in Now Bar?
A: Yes. While widgets may be limited or hidden behind gestures, Now Bar is always accessible and purpose-built for quick actions.

#GalaxyAI #GalaxyS25Ultra #GalaxyS25","AI features, AI phones, Galaxy AI, S25, S25 Phones, S25 ai, S25 features, S25 plus, S25 ultra, Samsung event, Samsung galaxy unpacked, Samsung unpacked, Unpacked, galaxt, galaxy, galaxy S25 plus, galaxy S25 ultra, galaxy phones, galaxy unpacked, galaxy unpacked 2025, new galaxy phone, new samsung galaxy, samsung, samsung S25 galaxy S25, samsung S25 plus, samsung S25 ultra, samsung galaxt, samsung galaxy, samsung galaxy phones, samsung latest mobile, AI Phone",UgzIMJlgAmCE3NX9RYV4AaABAg,,top_level,@pepo_pipi,"this is just google assistance not so new features with Gemini 💀, all android phones have this",0,0,2025-01-23 14:21:55+00:00,2025-01-23T14:21:55Z,True,"this is just google assistance not so new features with Gemini 💀, all android phones have this","this is just google assistance not so new features with gemini , all android phones have this",1,-0.6,93,17,0.0,1.0,0.0,0.0,-0.12,negative,en,AI / Gemini,keyword,1.0,6,0.74,Upgrade Cycle / Yearly Phone Changes,"Comment: this is just google assistance not so new features with gemini , all android phones have this Issue Category: AI / Gemini Sentiment: negative Topic: Upgrade Cycle / Yearly Phone Changes Video: Introducing Galaxy S25 Ultra | Galaxy AI | Samsung",0.652,0.0,0.65,1.0,0.5,0.0,0.666,What do users think about Galaxy AI and Gemini?
a4NJNdHqs_I,Samsung Galaxy S25 Ultra Review: The Tables Have Turned!,Marques Brownlee,2025-02-05T22:18:18Z,5877632,158154,12519,"Part review part rant. It's still a good phone though.

Get the Samsung Galaxy S25 Ultra at BestBuy in-store or online at https://bit.ly/4h8mjiy

MKBHD Merch: http://shop.MKBHD.com

The Ridge x MKBHD Knife: https://geni.us/YP4ED

Playlist of MKBHD Intro music: https://goo.gl/B3AWV5

Phone provided by Samsung for review.

~
http://twitter.com/MKBHD
http://instagram.com/MKBHD
http://facebook.com/MKBHD","S25 Ultra, Galaxy S25, Galaxy S25 Ultra, S25 Ultra vs, MKBHD, S25 Ultra Review",Ugx_bM-r_HotnPmCu-R4AaABAg,,top_level,@elbackapacko,"Weren’t most of these “inspired” features standard Android things before Apple did them… sure, not exactly like they were today, but Apple has copied way more from Samsung than vice versa… and I’m an iPhone user.",0,0,2025-02-06 04:05:46+00:00,2025-02-06T04:05:46Z,True,"Weren’t most of these “inspired” features standard Android things before Apple did them… sure, not exactly like they were today, but Apple has copied way more from Samsung than vice versa… and I’m an iPhone user.","weren t most of these inspired features standard android things before apple did them sure, not exactly like they were today, but apple has copied way more from samsung than vice versa and i m an iphone user.",0,0.0,208,38,0.038,0.866,0.096,0.324,0.259,positive,en,Design / Build,keyword,1.0,0,0.75,General Samsung / Apple Discussion,"Comment: weren t most of these inspired features standard android things before apple did them sure, not exactly like they were today, but apple has copied way more from samsung than vice versa and i m an iphone user. Issue Category: Design / Build Sentiment: positive Topic: General Samsung / Apple Discussion Video: Samsung Galaxy S25 Ultra Review: The Tables Have Turned!",0.698,0.0,0.9,1.0,0.5,0.0,0.748,Are users comparing Samsung with Apple?
a4NJNdHqs_I,Samsung Galaxy S25 Ultra Review: The Tables Have Turned!,Marques Brownlee,2025-02-05T22:18:18Z,5877632,158154,12519,"Part review part rant. It's still a good phone though.

Get the Samsung Galaxy S25 Ultra at BestBuy in-store or online at https://bit.ly/4h8mjiy

MKBHD Merch: http://shop.MKBHD.com

The Ridge x MKBHD Knife: https://geni.us/YP4ED

Playlist of MKBHD Intro music: https://goo.gl/B3AWV5

Phone provided by Samsung for review.

~
http://twitter.com/MKBHD
http://instagram.com/MKBHD
http://facebook.com/MKBHD","S25 Ultra, Galaxy S25, Galaxy S25 Ultra, S25 Ultra vs, MKBHD, S25 Ultra Review",UgxJCQHDTh1Gu4E4BfR4AaABAg.AEBdn7lGQ8AAEC8WXstUL1,UgxJCQHDTh1Gu4E4BfR4AaABAg,reply,@zenodezeno454,"Lol they copied 80% of the oneUI 7 features from iOS, Samsung is like a dog following Apple in everything they do 💀😂",68,0,2025-02-06 10:51:56+00:00,2025-02-06T10:51:56Z,True,"Lol they copied 80% of the oneUI 7 features from iOS, Samsung is like a dog following Apple in everything they do 💀😂","lol they copied 80 of the oneui 7 features from ios, samsung is like a dog following apple in everything they do",2,-0.15,112,22,0.0,0.791,0.209,0.649,0.489,positive,en,Design / Build,keyword,1.0,0,0.535,General Samsung / Apple Discussion,"Comment: lol they copied 80 of the oneui 7 features from ios, samsung is like a dog following apple in everything they do Issue Category: Design / Build Sentiment: positive Topic: General Samsung / Apple Discussion Video: Samsung Galaxy S25 Ultra Review: The Tables Have Turned!",0.665,0.371,0.9,0.75,0.5,0.0,0.71,Are users comparing Samsung with Apple?
a4NJNdHqs_I,Samsung Galaxy S25 Ultra Review: The Tables Have Turned!,Marques Brownlee,2025-02-05T22:18:18Z,5877632,158154,12519,"Part review part rant. It's still a good phone though.

Get the Samsung Galaxy S25 Ultra at BestBuy in-store or online at https://bit.ly/4h8mjiy

MKBHD Merch: http://shop.MKBHD.com

The Ridge x MKBHD Knife: https://geni.us/YP4ED

Playlist of MKBHD Intro music: https://goo.gl/B3AWV5

Phone provided by Samsung for review.

~
http://twitter.com/MKBHD
http://instagram.com/MKBHD
http://facebook.com/MKBHD","S25 Ultra, Galaxy S25, Galaxy S25 Ultra, S25 Ultra vs, MKBHD, S25 Ultra Review",UgzEj8jCsN6gK4s1jfF4AaABAg,,top_level,@AhardTruth-IYF,"Funny how ppl trash talk about Apple but they consistently bring considerable spec bumps to their yearly iteration of the iPhone. They only look extremely similar to last year's iPhone but they're definitely not the same device on the inside. This year tho, Samsung built the same phone inside & out. Even worse; they took away many ""small"" features lots of their customers used & were used to have. But hey: same price tag!🤷🏻‍♀️

I truly hope Apple brings the heat this year & Tim Cook saying: Who's laughing now, ah?😉",0,0,2025-02-07 08:31:39+00:00,2025-02-07T08:32:09Z,True,"Funny how ppl trash talk about Apple but they consistently bring considerable spec bumps to their yearly iteration of the iPhone. They only look extremely similar to last year's iPhone but they're definitely not the same device on the inside. This year tho, Samsung built the same phone inside & out. Even worse; they took away many ""small"" features lots of their customers used & were used to have. But hey: same price tag!🤷🏻‍♀️

I truly hope Apple brings the heat this year & Tim Cook saying: Who's laughing now, ah?😉","funny how ppl trash talk about apple but they consistently bring considerable spec bumps to their yearly iteration of the iphone. they only look extremely similar to last year's iphone but they're definitely not the same device on the inside. this year tho, samsung built the same phone inside out. even worse they took away many small features lots of their customers used were used to have. but hey same price tag! i truly hope apple brings the heat this year tim cook saying who's laughing now, ah?",0,0.0,501,88,0.04,0.789,0.171,0.928,0.742,positive,en,Performance / Processor,keyword,1.0,0,0.344,General Samsung / Apple Discussion,"Comment: funny how ppl trash talk about apple but they consistently bring considerable spec bumps to their yearly iteration of the iphone. they only look extremely similar to last year's iphone but they're definitely not the same device on the inside. this year tho, samsung built the same phone inside out. even worse they took away many small features lots of their customers used were used to have. but hey same price tag! i truly hope apple brings the heat this year tim cook saying who's laughing now, ah? Issue Category: Performance / Processor Sentiment: positive Topic: General Samsung / Apple Discussion Video: Samsung Galaxy S25 Ultra Review: The Tables Have Turned!",0.714,0.0,0.9,0.5,0.5,0.0,0.697,Are users comparing Samsung with Apple?
3hPoEmlBQdY,Introducing Galaxy S24 Ultra | Galaxy AI | Samsung,Samsung,2024-01-17T19:06:58Z,42072502,343318,7090,"This is the official Galaxy S24 Ultra introduction film. Galaxy AI is finally here. Check out this epic demo of all that you can do with the first Galaxy AI phone—the new Galaxy S24 Ultra. Learn more: http://smsng.co/S24Ultra_Intro-Film_yt

00:00 Introducing Galaxy S24 Ultra: the first Galaxy AI phone
00:23 Circle to Search: New way to search
00:52 Live Translate: New way to get thing done
01:17 Unbeatable processor: New way to play
01:50 Titanium toughness
02:13 Epic AI camera: New way to create
03:15 Note Assist: New way to get things done

Q: How does Circle to Search work?
A: Just circle an object—including images, videos, or text—with your finger or S Pen and you'll get results immediately.

Q: Does Live Translate only work during calls?
A: No. It also works through messaging. You can reply in your selected language and it will be translated for the person you're chatting with.

#GalaxyAI #GalaxyS24Ultra #GalaxyS24 #Samsung","AI, Unpacked, compilation, galaxy AI, galaxy s series, galaxy s24, galaxy s24 plus, galaxy s24 ultra, galaxy unpacked, galaxy unpacked 2023, highlight, launch, opening, product launch, replay, s series, s24, s24 plus, s24 ultra, samsung event, samsung galaxy unpacked, samsung s24, samsung s24 plus, samsung s24 ultra, samsung unpacked, AI Phone",Ugw2JLgEnzG0Q09GgAF4AaABAg,,top_level,@navindanallaperuma7306,"IT IS JUST ANOTHER PHONE THAT HAS ALMOST COPIED MOST OF THE ELEMENTS FROM THE IPHONE APART FROM THE "" AI "". AND THE WORST PART IS THAT I CAN'T STOP LAUGHING SEEING THAT THEY DOWNGRADED 10X OPTICAL ZOOM TO 5X WITH 50 MP CAMERA............ WAIT DIDN'T THEY JUST PROMOTED THE 10 X ZOOM SAYING THAT WE CAN TAKE PHOTOS OF THE MOON AND NOW CAN'T............. I THINK I'T DOESN'T KNOW WHERE IT IS GOING EVEN.... COPYING FROM APPLE. GOOGLE, COME ON SAMSUNG, BE UNIQUE FOR JUST ONE TIME IN HISTORY WITHOUT BEING SUCH A COPYCAT..... FROM ANDROID, GOOGLE IS THE BEST SO FAR AND OBVIOUSLY APPLE IPHONE IS THE BEST OF THE BEST......... SHAME ON SAMSUNG........",0,0,2024-01-17 19:36:43+00:00,2024-01-17T19:36:43Z,True,"IT IS JUST ANOTHER PHONE THAT HAS ALMOST COPIED MOST OF THE ELEMENTS FROM THE IPHONE APART FROM THE "" AI "". AND THE WORST PART IS THAT I CAN'T STOP LAUGHING SEEING THAT THEY DOWNGRADED 10X OPTICAL ZOOM TO 5X WITH 50 MP CAMERA............ WAIT DIDN'T THEY JUST PROMOTED THE 10 X ZOOM SAYING THAT WE CAN TAKE PHOTOS OF THE MOON AND NOW CAN'T............. I THINK I'T DOESN'T KNOW WHERE IT IS GOING EVEN.... COPYING FROM APPLE. GOOGLE, COME ON SAMSUNG, BE UNIQUE FOR JUST ONE TIME IN HISTORY WITHOUT BEING SUCH A COPYCAT..... FROM ANDROID, GOOGLE IS THE BEST SO FAR AND OBVIOUSLY APPLE IPHONE IS THE BEST OF THE BEST......... SHAME ON SAMSUNG........","it is just another phone that has almost copied most of the elements from the iphone apart from the ai . and the worst part is that i can't stop laughing seeing that they downgraded 10x optical zoom to 5x with 50 mp camera............ wait didn't they just promoted the 10 x zoom saying that we can take photos of the moon and now can't............. i think i't doesn't know where it is going even.... copying from apple. google, come on samsung, be unique for just one time in history without being such a copycat..... from android, google is the best so far and obviously apple iphone is the best of the best......... shame on samsung........",0,0.0,644,116,0.09,0.802,0.108,0.515,0.412,positive,en,Camera,keyword,1.0,0,0.536,General Samsung / Apple Discussion,"Comment: it is just another phone that has almost copied most of the elements from the iphone apart from the ai . and the worst part is that i can't stop laughing seeing that they downgraded 10x optical zoom to 5x with 50 mp camera............ wait didn't they just promoted the 10 x zoom saying that we can take photos of the moon and now can't............. i think i't doesn't know where it is going even.... copying from apple. google, come on samsung, be unique for just one time in history without being such a copycat..... from android, google is the best so far and obviously apple iphone is the best of the best......... shame on samsung........ Issue Category: Camera Sentiment: positive Topic: General Samsung / Apple Discussion Video: Introducing Galaxy S24 Ultra | Galaxy AI | Samsung",0.602,0.0,0.9,1.0,0.5,0.0,0.692,Are users comparing Samsung with Apple?
a4NJNdHqs_I,Samsung Galaxy S25 Ultra Review: The Tables Have Turned!,Marques Brownlee,2025-02-05T22:18:18Z,5877632,158154,12519,"Part review part rant. It's still a good phone though.

Get the Samsung Galaxy S25 Ultra at BestBuy in-store or online at https://bit.ly/4h8mjiy

MKBHD Merch: http://shop.MKBHD.com

The Ridge x MKBHD Knife: https://geni.us/YP4ED

Playlist of MKBHD Intro music: https://goo.gl/B3AWV5

Phone provided by Samsung for review.

~
http://twitter.com/MKBHD
http://instagram.com/MKBHD
http://facebook.com/MKBHD","S25 Ultra, Galaxy S25, Galaxy S25 Ultra, S25 Ultra vs, MKBHD, S25 Ultra Review",UgwUd_7v8EXX9idOuTx4AaABAg.AEAo0I3bZrmAECAprcNJF5,UgwUd_7v8EXX9idOuTx4AaABAg,reply,@lesleyhaan116,"@araza1926 
Well it feels like 2008 when they still mocking Apple in stupid ads Samsung stoped copying Apples design in 2013 but now they ad it again copy software features but making your phones look and feel like iPhones I just stupid but it works and does not work Arun Mrwhoistheboss well his wife for the first time did like the Galaxy S25 phones why because they feel and look just like an iPhone so Apple users can move to Samsung and get the same iPhone experience but Samsung users well they get mad because they hate Apple and have been told by Samsung to hate Apple when you look at there mocking Apple ads now those Samsung users are walking with a clone iPhone",0,0,2025-02-06 11:12:11+00:00,2025-02-06T11:12:11Z,True,"@araza1926 
Well it feels like 2008 when they still mocking Apple in stupid ads Samsung stoped copying Apples design in 2013 but now they ad it again copy software features but making your phones look and feel like iPhones I just stupid but it works and does not work Arun Mrwhoistheboss well his wife for the first time did like the Galaxy S25 phones why because they feel and look just like an iPhone so Apple users can move to Samsung and get the same iPhone experience but Samsung users well they get mad because they hate Apple and have been told by Samsung to hate Apple when you look at there mocking Apple ads now those Samsung users are walking with a clone iPhone",well it feels like 2008 when they still mocking apple in stupid ads samsung stoped copying apples design in 2013 but now they ad it again copy software features but making your phones look and feel like iphones i just stupid but it works and does not work arun mrwhoistheboss well his wife for the first time did like the galaxy s25 phones why because they feel and look just like an iphone so apple users can move to samsung and get the same iphone experience but samsung users well they get mad because they hate apple and have been told by samsung to hate apple when you look at there mocking apple ads now those samsung users are walking with a clone iphone,0,0.0,661,124,0.172,0.71,0.118,-0.905,-0.724,negative,en,AI / Gemini,keyword,1.0,0,0.42,General Samsung / Apple Discussion,Comment: well it feels like 2008 when they still mocking apple in stupid ads samsung stoped copying apples design in 2013 but now they ad it again copy software features but making your phones look and feel like iphones i just stupid but it works and does not work arun mrwhoistheboss well his wife for the first time did like the galaxy s25 phones why because they feel and look just like an iphone so apple users can move to samsung and get the same iphone experience but samsung users well they get mad because they hate apple and have been told by samsung to hate apple when you look at there mocking apple ads now those samsung users are walking with a clone iphone Issue Category: AI / Gemini Sentiment: negative Topic: General Samsung / Apple Discussion Video: Samsung Galaxy S25 Ultra Review: The Tables Have Turned!,0.648,0.0,0.9,0.75,0.5,0.0,0.689,Are users comparing Samsung with Apple?
2gYqEi8-am4,Introducing Galaxy S26 Ultra | Galaxy AI | Samsung,Samsung,2026-02-25T19:17:48Z,54215181,47421,3321,"This is the official Galaxy S26 Ultra introduction film. The AI phone that makes your everyday easy and effortless. With the revolutionary Privacy Display, next-level pro cameras, and Galaxy AI. Learn more: http://smsng.co/S26Ultra_Intro_yt

00:00 Intro
00:30 The Most Powerful Processor
00:39 Customized Processor
00:47 Customized Image Enhancer 
00:57 The World’s First Privacy Display 
01:28 Next-Level Pro Cameras
01:35 Super Steady Video
01:46 Nightography Video
02:14 Photo Assist 
02:30 Creative Studio
02:43 Now Nudge
03:03 Now Brief
03:15 Samsung Knox 

Q: How can Privacy Display on Galaxy S26 Ultra help me?
A: If you're worried about people being able to view your personal information when you're in a crowded space, you can activate Privacy Display to hide your full screen from others.
Q: What has improved in the Galaxy S26 Ultra's camera compared to the Galaxy S25 Ultra?
A: Wider apertures mean the 200 MP Wide camera opens to F1.4. The 50 MP Telephoto camera, with 5x optical zoom and 10x optical quality zoom, now opens to F2.9. This allows in more light for improved brightness.
Q: What's the new key AI feature available on Galaxy S26 Ultra?
A: Now Nudge is a new feature that intelligently understands what's on your screen and will provide suggestions, such as viewing your ‘Calendar’ to add an event or the option to jump straight to your ‘Gallery’ when someone asks you to share photos with them.
Q: Which messaging apps are supported by Now Nudge?
A: Text message prompts are currently available with Samsung Messages and certain third-party messaging apps including Google Messages and Google Chat. Based on availability at the time of product launch. May change without notice.

#GalaxyAI #GalaxyS26Ultra #GalaxyS26 #Samsung","ai phone, ai smartphone, best smartphone ai, creative studio, galaxy ai, galaxy s26 ultra, galaxy unpacked 2026, generative ai, introduction film, latest samsung galaxy phone, new ai phone, new phone launch 2026, nightography, now brief, now nudge, photo assist, privacy display, s26 features, samsung, samsung galaxy, samsung galaxy phones, samsung galaxy unpacked, samsung mobile, samsung s26 ad, samsung s26 commercial, samsung s26 ultra, super steady",UgyRc3ZJ_-ub_ELb9wB4AaABAg,,top_level,@saramoreles3231,"Samsung every year looking more and more like Apple 🙄😒 if I wanted an apple look-alike or airpod look-alike I would just get an IPhone and airpods 😮‍💨😮‍💨😮‍💨

Yall have any android recommendations that are not in this apple look-alike pissing contest??

I've been a faithful Samsung customer since the very first Notes. Sad and disappointing times now.",2,1,2026-02-27 06:51:45+00:00,2026-02-27T17:06:05Z,True,"Samsung every year looking more and more like Apple 🙄😒 if I wanted an apple look-alike or airpod look-alike I would just get an IPhone and airpods 😮‍💨😮‍💨😮‍💨

Yall have any android recommendations that are not in this apple look-alike pissing contest??

I've been a faithful Samsung customer since the very first Notes. Sad and disappointing times now.",samsung every year looking more and more like apple if i wanted an apple look alike or airpod look alike i would just get an iphone and airpods yall have any android recommendations that are not in this apple look alike pissing contest?? i've been a faithful samsung customer since the very first notes. sad and disappointing times now.,2,-0.55,336,59,0.138,0.776,0.086,-0.567,-0.564,negative,en,AI / Gemini,keyword,1.0,0,0.377,General Samsung / Apple Discussion,Comment: samsung every year looking more and more like apple if i wanted an apple look alike or airpod look alike i would just get an iphone and airpods yall have any android recommendations that are not in this apple look alike pissing contest?? i've been a faithful samsung customer since the very first notes. sad and disappointing times now. Issue Category: AI / Gemini Sentiment: negative Topic: General Samsung / Apple Discussion Video: Introducing Galaxy S26 Ultra | Galaxy AI | Samsung,0.634,0.121,0.9,0.75,0.5,0.0,0.684,Are users comparing Samsung with Apple?
vkBQW8NZk9k,"$70 vs $1,200 Samsung!",Mrwhosetheboss,2023-05-14T13:01:39Z,40457597,1964597,5052,"#Samsung #realvsfake #fake #technology #shorts 

I spend a LOT of time trying to make my videos as concise, polished and useful as possible for you - if you would like to support me on that mission then consider subscribing to the channel - you'd make my day 😁

For my tech hot takes: http://twitter.com/Mrwhosetheboss
For my Personal Posts: http://instagram.com/mrwhosetheboss
Does anyone still use this anymore?: https://facebook.com/mrwhosetheboss

Amazon Affiliate links (if you buy anything through these it will support the channel and allow us to buy better gear!):
Amazon US: https://amzn.to/3mFix9d
Amazon UK: https://amzn.to/3GMPPtM

My Filming Gear:
https://bit.ly/35CuxwI

Music is from Epidemic sound:
http://share.epidemicsound.com/pHDFT","samsung, tech, shorts",Ugyjl3xBSnWOpAvATb54AaABAg,,top_level,@Thebobateaninja,My school says that the iPhone is the best but I have a Samsung and this proves that the Samsung is better,0,0,2023-05-24 05:03:24+00:00,2023-05-24T05:03:24Z,True,My school says that the iPhone is the best but I have a Samsung and this proves that the Samsung is better,my school says that the iphone is the best but i have a samsung and this proves that the samsung is better,0,0.0,106,22,0.0,0.756,0.244,0.754,0.603,positive,en,Positive Feedback,keyword,1.0,0,0.436,General Samsung / Apple Discussion,"Comment: my school says that the iphone is the best but i have a samsung and this proves that the samsung is better Issue Category: Positive Feedback Sentiment: positive Topic: General Samsung / Apple Discussion Video: $70 vs $1,200 Samsung!",0.684,0.0,0.9,0.5,0.5,0.0,0.68,Are users comparing Samsung with Apple?
a4NJNdHqs_I,Samsung Galaxy S25 Ultra Review: The Tables Have Turned!,Marques Brownlee,2025-02-05T22:18:18Z,5877632,158154,12519,"Part review part rant. It's still a good phone though.

Get the Samsung Galaxy S25 Ultra at BestBuy in-store or online at https://bit.ly/4h8mjiy

MKBHD Merch: http://shop.MKBHD.com

The Ridge x MKBHD Knife: https://geni.us/YP4ED

Playlist of MKBHD Intro music: https://goo.gl/B3AWV5

Phone provided by Samsung for review.

~
http://twitter.com/MKBHD
http://instagram.com/MKBHD
http://facebook.com/MKBHD","S25 Ultra, Galaxy S25, Galaxy S25 Ultra, S25 Ultra vs, MKBHD, S25 Ultra Review",UgwwbrvblZkBm1MV46h4AaABAg.AEAuKaCY5dlAEHqWtiPZuS,UgwwbrvblZkBm1MV46h4AaABAg,reply,@themasonera,​@emin62bekclearly you haven't used Samsung cause it works better than iphone with a larger ecosystem. Also Apple is glitchy as hell man.😂,0,0,2025-02-08 16:01:24+00:00,2025-02-08T16:01:24Z,True,​@emin62bekclearly you haven't used Samsung cause it works better than iphone with a larger ecosystem. Also Apple is glitchy as hell man.😂,you haven't used samsung cause it works better than iphone with a larger ecosystem. also apple is glitchy as hell man.,1,0.3,118,21,0.174,0.717,0.109,-0.402,-0.262,negative,en,Other,semantic,0.657,0,0.454,General Samsung / Apple Discussion,Comment: you haven't used samsung cause it works better than iphone with a larger ecosystem. also apple is glitchy as hell man. Issue Category: Other Sentiment: negative Topic: General Samsung / Apple Discussion Video: Samsung Galaxy S25 Ultra Review: The Tables Have Turned!,0.63,0.0,0.9,0.75,0.5,0.0,0.678,Are users comparing Samsung with Apple?
a4NJNdHqs_I,Samsung Galaxy S25 Ultra Review: The Tables Have Turned!,Marques Brownlee,2025-02-05T22:18:18Z,5877632,158154,12519,"Part review part rant. It's still a good phone though.

Get the Samsung Galaxy S25 Ultra at BestBuy in-store or online at https://bit.ly/4h8mjiy

MKBHD Merch: http://shop.MKBHD.com

The Ridge x MKBHD Knife: https://geni.us/YP4ED

Playlist of MKBHD Intro music: https://goo.gl/B3AWV5

Phone provided by Samsung for review.

~
http://twitter.com/MKBHD
http://instagram.com/MKBHD
http://facebook.com/MKBHD","S25 Ultra, Galaxy S25, Galaxy S25 Ultra, S25 Ultra vs, MKBHD, S25 Ultra Review",UgykZ6IMBqX6AX2IZs94AaABAg,,top_level,@coptoxicyt,"Samsung: No need to innovate for this year
Iphone:  we are doing that for many years. 
Yet this guy not pointed ever in his videos about Apple, the way he exposed the samsung. 

Conclusion at last Samsung played safe this year just like Apple 😂😂😂😂",1,0,2025-02-06 05:23:21+00:00,2025-02-06T05:23:57Z,True,"Samsung: No need to innovate for this year
Iphone:  we are doing that for many years. 
Yet this guy not pointed ever in his videos about Apple, the way he exposed the samsung. 

Conclusion at last Samsung played safe this year just like Apple 😂😂😂😂","samsung no need to innovate for this year iphone we are doing that for many years. yet this guy not pointed ever in his videos about apple, the way he exposed the samsung. conclusion at last samsung played safe this year just like apple",4,0.3,236,44,0.067,0.724,0.21,0.818,0.714,positive,en,Camera,keyword,1.0,0,0.4,General Samsung / Apple Discussion,"Comment: samsung no need to innovate for this year iphone we are doing that for many years. yet this guy not pointed ever in his videos about apple, the way he exposed the samsung. conclusion at last samsung played safe this year just like apple Issue Category: Camera Sentiment: positive Topic: General Samsung / Apple Discussion Video: Samsung Galaxy S25 Ultra Review: The Tables Have Turned!",0.679,0.061,0.9,0.5,0.5,0.0,0.678,Are users comparing Samsung with Apple?
3i1OB6wKYms,Introducing Galaxy S25 Ultra | Galaxy AI | Samsung,Samsung,2025-01-22T19:09:42Z,191059320,103311,7943,"This is the official Galaxy S25 Ultra introduction film. All-new Galaxy S25 Ultra, a true AI companion that combines great intelligence and power to open up your world—making everything more personalized and intuitive than ever before. Learn more: http://smsng.co/Introducing_S25Ultra_yt

00:00 Introducing Galaxy S25 Ultra
00:12 Processor: Snapdragon® 8 Elite for Galaxy
00:30 All-new One UI 7: Built for AI
00:53 Seamless actions across apps: Get things done without having to switch between various apps
01:53 Circle to Search: AI Overviews
02:04 Gemini Live: Conversational AI
02:22 Circle to Search: Music search
02:38 Now Bar and Now Brief: Personalized briefings
03:01 Call Transcript: Call summary and keywords
03:22 Design: Curved edges for a unified design
03:35 Display: ProScaler for clearer viewing experience
03:53 Performance: Heat dissipation architecture
04:21 Camera: Next generation ProVisual Engine
05:01 Audio Eraser: Filter out unwanted background noise from videos

Q: What makes the Galaxy S25 Ultra's processor special?
A: It's a customized processor designed exclusively for Galaxy, delivering peak performance in speed, efficiency, and AI tasks.
Q: What's new in the Galaxy S25 Ultra's camera?
A: It has an all-new 50 MP ultra wide lens, along with telephoto lens. And it still has the 200 MP wide lens everyone loves! It’s all powered by the next generation ProVisual Engine and enhanced AI, so you can take more natural Portraits and clearer Nightography than ever.
Q: Can I change the apps in Now Bar?
A: Yes. While widgets may be limited or hidden behind gestures, Now Bar is always accessible and purpose-built for quick actions.

#GalaxyAI #GalaxyS25Ultra #GalaxyS25","AI features, AI phones, Galaxy AI, S25, S25 Phones, S25 ai, S25 features, S25 plus, S25 ultra, Samsung event, Samsung galaxy unpacked, Samsung unpacked, Unpacked, galaxt, galaxy, galaxy S25 plus, galaxy S25 ultra, galaxy phones, galaxy unpacked, galaxy unpacked 2025, new galaxy phone, new samsung galaxy, samsung, samsung S25 galaxy S25, samsung S25 plus, samsung S25 ultra, samsung galaxt, samsung galaxy, samsung galaxy phones, samsung latest mobile, AI Phone",UgysLoLDmBWxlSb87PV4AaABAg,,top_level,@sandihermana4873,"The Worse ever galaxy ever made and that start from s25 ultra, the company always rush want to the iphone android, samsung has no idea identity always want like apple iphone, no new innovations since s21 ultra😂",0,0,2025-01-29 13:05:40+00:00,2025-01-29T13:05:40Z,True,"The Worse ever galaxy ever made and that start from s25 ultra, the company always rush want to the iphone android, samsung has no idea identity always want like apple iphone, no new innovations since s21 ultra😂","the worse ever galaxy ever made and that start from s25 ultra, the company always rush want to the iphone android, samsung has no idea identity always want like apple iphone, no new innovations since s21 ultra",1,0.3,209,37,0.172,0.711,0.117,-0.527,-0.361,negative,en,Software / One UI,keyword,1.0,7,0.375,S25 vs S24 / iPhone Pro Max Comparison,"Comment: the worse ever galaxy ever made and that start from s25 ultra, the company always rush want to the iphone android, samsung has no idea identity always want like apple iphone, no new innovations since s21 ultra Issue Category: Software / One UI Sentiment: negative Topic: S25 vs S24 / iPhone Pro Max Comparison Video: Introducing Galaxy S25 Ultra | Galaxy AI | Samsung",0.628,0.0,0.9,0.75,0.5,0.0,0.677,Are users comparing Samsung with Apple?
vkBQW8NZk9k,"$70 vs $1,200 Samsung!",Mrwhosetheboss,2023-05-14T13:01:39Z,40457597,1964597,5052,"#Samsung #realvsfake #fake #technology #shorts 

I spend a LOT of time trying to make my videos as concise, polished and useful as possible for you - if you would like to support me on that mission then consider subscribing to the channel - you'd make my day 😁

For my tech hot takes: http://twitter.com/Mrwhosetheboss
For my Personal Posts: http://instagram.com/mrwhosetheboss
Does anyone still use this anymore?: https://facebook.com/mrwhosetheboss

Amazon Affiliate links (if you buy anything through these it will support the channel and allow us to buy better gear!):
Amazon US: https://amzn.to/3mFix9d
Amazon UK: https://amzn.to/3GMPPtM

My Filming Gear:
https://bit.ly/35CuxwI

Music is from Epidemic sound:
http://share.epidemicsound.com/pHDFT","samsung, tech, shorts",UgzWbD1EOk0kvYLOrDl4AaABAg,,top_level,@sk_30.,Fake Samsung rear camera's photo quality is like iPhone front camera's one,0,0,2024-10-04 07:36:00+00:00,2024-10-04T07:36:00Z,True,Fake Samsung rear camera's photo quality is like iPhone front camera's one,fake samsung rear camera's photo quality is like iphone front camera's one,0,0.0,74,12,0.199,0.641,0.16,-0.153,-0.122,negative,en,Camera,keyword,1.0,4,0.647,Fake Products / Screen / Camera Concerns,"Comment: fake samsung rear camera's photo quality is like iphone front camera's one Issue Category: Camera Sentiment: negative Topic: Fake Products / Screen / Camera Concerns Video: $70 vs $1,200 Samsung!",0.731,0.0,0.65,1.0,0.5,0.0,0.712,What are users saying about Samsung camera quality?
vkBQW8NZk9k,"$70 vs $1,200 Samsung!",Mrwhosetheboss,2023-05-14T13:01:39Z,40457597,1964597,5052,"#Samsung #realvsfake #fake #technology #shorts 

I spend a LOT of time trying to make my videos as concise, polished and useful as possible for you - if you would like to support me on that mission then consider subscribing to the channel - you'd make my day 😁

For my tech hot takes: http://twitter.com/Mrwhosetheboss
For my Personal Posts: http://instagram.com/mrwhosetheboss
Does anyone still use this anymore?: https://facebook.com/mrwhosetheboss

Amazon Affiliate links (if you buy anything through these it will support the channel and allow us to buy better gear!):
Amazon US: https://amzn.to/3mFix9d
Amazon UK: https://amzn.to/3GMPPtM

My Filming Gear:
https://bit.ly/35CuxwI

Music is from Epidemic sound:
http://share.epidemicsound.com/pHDFT","samsung, tech, shorts",Ugwkr3P52qAtPPCcKmN4AaABAg,,top_level,@kangara_wairimu,I watch All Mrwhosetheboss Video and like his work..The broblem is that I cant afford any of the phone he advice..I wish I can afford a good phone that can take quality photos..😥😥,0,0,2023-05-15 16:53:33+00:00,2023-05-15T16:53:33Z,True,I watch All Mrwhosetheboss Video and like his work..The broblem is that I cant afford any of the phone he advice..I wish I can afford a good phone that can take quality photos..😥😥,i watch all mrwhosetheboss video and like his work..the broblem is that i cant afford any of the phone he advice..i wish i can afford a good phone that can take quality photos..,0,0.0,177,33,0.0,0.787,0.213,0.796,0.637,positive,en,Camera,keyword,1.0,0,0.464,General Samsung / Apple Discussion,"Comment: i watch all mrwhosetheboss video and like his work..the broblem is that i cant afford any of the phone he advice..i wish i can afford a good phone that can take quality photos.. Issue Category: Camera Sentiment: positive Topic: General Samsung / Apple Discussion Video: $70 vs $1,200 Samsung!",0.716,0.0,0.65,1.0,0.5,0.0,0.703,What are users saying about Samsung camera quality?
vkBQW8NZk9k,"$70 vs $1,200 Samsung!",Mrwhosetheboss,2023-05-14T13:01:39Z,40457597,1964597,5052,"#Samsung #realvsfake #fake #technology #shorts 

I spend a LOT of time trying to make my videos as concise, polished and useful as possible for you - if you would like to support me on that mission then consider subscribing to the channel - you'd make my day 😁

For my tech hot takes: http://twitter.com/Mrwhosetheboss
For my Personal Posts: http://instagram.com/mrwhosetheboss
Does anyone still use this anymore?: https://facebook.com/mrwhosetheboss

Amazon Affiliate links (if you buy anything through these it will support the channel and allow us to buy better gear!):
Amazon US: https://amzn.to/3mFix9d
Amazon UK: https://amzn.to/3GMPPtM

My Filming Gear:
https://bit.ly/35CuxwI

Music is from Epidemic sound:
http://share.epidemicsound.com/pHDFT","samsung, tech, shorts",Ugx6qsk90f288dGO9_R4AaABAg,,top_level,@oriharharhar,That photo on the Samsung actually looks dslr quality,0,0,2024-09-19 15:09:39+00:00,2024-09-19T15:09:39Z,True,That photo on the Samsung actually looks dslr quality,that photo on the samsung actually looks dslr quality,0,0.0,53,9,0.0,1.0,0.0,0.0,0.0,neutral,en,Camera,keyword,1.0,4,0.716,Fake Products / Screen / Camera Concerns,"Comment: that photo on the samsung actually looks dslr quality Issue Category: Camera Sentiment: neutral Topic: Fake Products / Screen / Camera Concerns Video: $70 vs $1,200 Samsung!",0.739,0.0,0.65,0.75,0.5,0.0,0.686,What are users saying about Samsung camera quality?
vkBQW8NZk9k,"$70 vs $1,200 Samsung!",Mrwhosetheboss,2023-05-14T13:01:39Z,40457597,1964597,5052,"#Samsung #realvsfake #fake #technology #shorts 

I spend a LOT of time trying to make my videos as concise, polished and useful as possible for you - if you would like to support me on that mission then consider subscribing to the channel - you'd make my day 😁

For my tech hot takes: http://twitter.com/Mrwhosetheboss
For my Personal Posts: http://instagram.com/mrwhosetheboss
Does anyone still use this anymore?: https://facebook.com/mrwhosetheboss

Amazon Affiliate links (if you buy anything through these it will support the channel and allow us to buy better gear!):
Amazon US: https://amzn.to/3mFix9d
Amazon UK: https://amzn.to/3GMPPtM

My Filming Gear:
https://bit.ly/35CuxwI

Music is from Epidemic sound:
http://share.epidemicsound.com/pHDFT","samsung, tech, shorts",UgzluO287poXZ1FlXml4AaABAg,,top_level,@MistaYoungg,The camera quality really isn't too terrible for what it is,0,1,2023-05-14 14:24:14+00:00,2023-05-14T14:24:14Z,True,The camera quality really isn't too terrible for what it is,the camera quality really isn't too terrible for what it is,0,0.0,59,11,0.0,0.78,0.22,0.425,0.34,positive,en,Camera,keyword,1.0,4,0.854,Fake Products / Screen / Camera Concerns,"Comment: the camera quality really isn't too terrible for what it is Issue Category: Camera Sentiment: positive Topic: Fake Products / Screen / Camera Concerns Video: $70 vs $1,200 Samsung!",0.764,0.061,0.65,0.5,0.5,0.0,0.673,What are users saying about Samsung camera quality?
vkBQW8NZk9k,"$70 vs $1,200 Samsung!",Mrwhosetheboss,2023-05-14T13:01:39Z,40457597,1964597,5052,"#Samsung #realvsfake #fake #technology #shorts 

I spend a LOT of time trying to make my videos as concise, polished and useful as possible for you - if you would like to support me on that mission then consider subscribing to the channel - you'd make my day 😁

For my tech hot takes: http://twitter.com/Mrwhosetheboss
For my Personal Posts: http://instagram.com/mrwhosetheboss
Does anyone still use this anymore?: https://facebook.com/mrwhosetheboss

Amazon Affiliate links (if you buy anything through these it will support the channel and allow us to buy better gear!):
Amazon US: https://amzn.to/3mFix9d
Amazon UK: https://amzn.to/3GMPPtM

My Filming Gear:
https://bit.ly/35CuxwI

Music is from Epidemic sound:
http://share.epidemicsound.com/pHDFT","samsung, tech, shorts",UgxrGE9Z4zS7Ibw9AIl4AaABAg,,top_level,@Cyber_Dystopian_Duck,My Samsungs camera quality is about the same as the fake one.😢 My old Samsung had better quality,0,0,2023-06-05 00:43:43+00:00,2023-06-05T00:43:43Z,True,My Samsungs camera quality is about the same as the fake one.😢 My old Samsung had better quality,my samsungs camera quality is about the same as the fake one. my old samsung had better quality,1,-0.8,95,18,0.141,0.727,0.132,-0.052,-0.201,negative,en,Camera,keyword,1.0,4,0.761,Fake Products / Screen / Camera Concerns,"Comment: my samsungs camera quality is about the same as the fake one. my old samsung had better quality Issue Category: Camera Sentiment: negative Topic: Fake Products / Screen / Camera Concerns Video: $70 vs $1,200 Samsung!",0.763,0.0,0.65,0.5,0.5,0.0,0.67,What are users saying about Samsung camera quality?
3hPoEmlBQdY,Introducing Galaxy S24 Ultra | Galaxy AI | Samsung,Samsung,2024-01-17T19:06:58Z,42072502,343318,7090,"This is the official Galaxy S24 Ultra introduction film. Galaxy AI is finally here. Check out this epic demo of all that you can do with the first Galaxy AI phone—the new Galaxy S24 Ultra. Learn more: http://smsng.co/S24Ultra_Intro-Film_yt

00:00 Introducing Galaxy S24 Ultra: the first Galaxy AI phone
00:23 Circle to Search: New way to search
00:52 Live Translate: New way to get thing done
01:17 Unbeatable processor: New way to play
01:50 Titanium toughness
02:13 Epic AI camera: New way to create
03:15 Note Assist: New way to get things done

Q: How does Circle to Search work?
A: Just circle an object—including images, videos, or text—with your finger or S Pen and you'll get results immediately.

Q: Does Live Translate only work during calls?
A: No. It also works through messaging. You can reply in your selected language and it will be translated for the person you're chatting with.

#GalaxyAI #GalaxyS24Ultra #GalaxyS24 #Samsung","AI, Unpacked, compilation, galaxy AI, galaxy s series, galaxy s24, galaxy s24 plus, galaxy s24 ultra, galaxy unpacked, galaxy unpacked 2023, highlight, launch, opening, product launch, replay, s series, s24, s24 plus, s24 ultra, samsung event, samsung galaxy unpacked, samsung s24, samsung s24 plus, samsung s24 ultra, samsung unpacked, AI Phone",UgwGYdXjlXitYPO0xe54AaABAg.9zgLwg7GHOa9zh7NOd4YU5,UgwGYdXjlXitYPO0xe54AaABAg,reply,@sky55w2,"only dork who care about zooming, whats the point of that, video quality and natural photo quality is above zooming",27,0,2024-01-18 04:35:20+00:00,2024-01-18T04:35:20Z,True,"only dork who care about zooming, whats the point of that, video quality and natural photo quality is above zooming","only dork who care about zooming, whats the point of that, video quality and natural photo quality is above zooming",0,0.0,115,20,0.096,0.677,0.227,0.511,0.408,positive,en,Camera,keyword,1.0,4,0.522,Fake Products / Screen / Camera Concerns,"Comment: only dork who care about zooming, whats the point of that, video quality and natural photo quality is above zooming Issue Category: Camera Sentiment: positive Topic: Fake Products / Screen / Camera Concerns Video: Introducing Galaxy S24 Ultra | Galaxy AI | Samsung",0.642,0.292,0.65,1.0,0.5,0.0,0.669,What are users saying about Samsung camera quality?
a4NJNdHqs_I,Samsung Galaxy S25 Ultra Review: The Tables Have Turned!,Marques Brownlee,2025-02-05T22:18:18Z,5877632,158154,12519,"Part review part rant. It's still a good phone though.

Get the Samsung Galaxy S25 Ultra at BestBuy in-store or online at https://bit.ly/4h8mjiy

MKBHD Merch: http://shop.MKBHD.com

The Ridge x MKBHD Knife: https://geni.us/YP4ED

Playlist of MKBHD Intro music: https://goo.gl/B3AWV5

Phone provided by Samsung for review.

~
http://twitter.com/MKBHD
http://instagram.com/MKBHD
http://facebook.com/MKBHD","S25 Ultra, Galaxy S25, Galaxy S25 Ultra, S25 Ultra vs, MKBHD, S25 Ultra Review",Ugw7yvm7DsCR6umDm5B4AaABAg,,top_level,@DaveTheeMan-wj2nk,"I don't buy Samsung anymore. 
1:Terrible video quality. Why is the bitrate so low still compared to apple? Always over sharpened. 
2:PIctures still heavily over saturated. And other camera modes such as higher pixel always turn out over exposed 
3:bloat, and other annoying notifications you can't disable from samsung popping up all the time. 
4:grossly overpriced. 

You can get a phone with same exact specs if not MORE Ram for around half the price, yes HAFL.",0,0,2025-02-06 04:13:34+00:00,2025-02-06T04:13:34Z,True,"I don't buy Samsung anymore. 
1:Terrible video quality. Why is the bitrate so low still compared to apple? Always over sharpened. 
2:PIctures still heavily over saturated. And other camera modes such as higher pixel always turn out over exposed 
3:bloat, and other annoying notifications you can't disable from samsung popping up all the time. 
4:grossly overpriced. 

You can get a phone with same exact specs if not MORE Ram for around half the price, yes HAFL.","i don't buy samsung anymore. 1 terrible video quality. why is the bitrate so low still compared to apple? always over sharpened. 2 pictures still heavily over saturated. and other camera modes such as higher pixel always turn out over exposed 3 bloat, and other annoying notifications you can't disable from samsung popping up all the time. 4 grossly overpriced. you can get a phone with same exact specs if not more ram for around half the price, yes hafl.",0,0.0,457,80,0.133,0.837,0.031,-0.793,-0.634,negative,en,Camera,keyword,1.0,3,0.373,Buying Decision / Value Discussion,"Comment: i don't buy samsung anymore. 1 terrible video quality. why is the bitrate so low still compared to apple? always over sharpened. 2 pictures still heavily over saturated. and other camera modes such as higher pixel always turn out over exposed 3 bloat, and other annoying notifications you can't disable from samsung popping up all the time. 4 grossly overpriced. you can get a phone with same exact specs if not more ram for around half the price, yes hafl. Issue Category: Camera Sentiment: negative Topic: Buying Decision / Value Discussion Video: Samsung Galaxy S25 Ultra Review: The Tables Have Turned!",0.705,0.0,0.65,0.75,0.5,0.0,0.667,What are users saying about Samsung camera quality?
vkBQW8NZk9k,"$70 vs $1,200 Samsung!",Mrwhosetheboss,2023-05-14T13:01:39Z,40457597,1964597,5052,"#Samsung #realvsfake #fake #technology #shorts 

I spend a LOT of time trying to make my videos as concise, polished and useful as possible for you - if you would like to support me on that mission then consider subscribing to the channel - you'd make my day 😁

For my tech hot takes: http://twitter.com/Mrwhosetheboss
For my Personal Posts: http://instagram.com/mrwhosetheboss
Does anyone still use this anymore?: https://facebook.com/mrwhosetheboss

Amazon Affiliate links (if you buy anything through these it will support the channel and allow us to buy better gear!):
Amazon US: https://amzn.to/3mFix9d
Amazon UK: https://amzn.to/3GMPPtM

My Filming Gear:
https://bit.ly/35CuxwI

Music is from Epidemic sound:
http://share.epidemicsound.com/pHDFT","samsung, tech, shorts",UgzdXeWYD29xmmswYkx4AaABAg,,top_level,@리노리방,That fake Samsung photo quality is better than my old Huawei 😭,0,0,2023-05-28 20:40:36+00:00,2023-05-28T20:40:36Z,True,That fake Samsung photo quality is better than my old Huawei 😭,that fake samsung photo quality is better than my old huawei,1,-0.8,60,11,0.207,0.6,0.193,-0.052,-0.201,negative,en,Camera,keyword,1.0,4,0.583,Fake Products / Screen / Camera Concerns,"Comment: that fake samsung photo quality is better than my old huawei Issue Category: Camera Sentiment: negative Topic: Fake Products / Screen / Camera Concerns Video: $70 vs $1,200 Samsung!",0.704,0.0,0.65,0.75,0.5,0.0,0.666,What are users saying about Samsung camera quality?
a4NJNdHqs_I,Samsung Galaxy S25 Ultra Review: The Tables Have Turned!,Marques Brownlee,2025-02-05T22:18:18Z,5877632,158154,12519,"Part review part rant. It's still a good phone though.

Get the Samsung Galaxy S25 Ultra at BestBuy in-store or online at https://bit.ly/4h8mjiy

MKBHD Merch: http://shop.MKBHD.com

The Ridge x MKBHD Knife: https://geni.us/YP4ED

Playlist of MKBHD Intro music: https://goo.gl/B3AWV5

Phone provided by Samsung for review.

~
http://twitter.com/MKBHD
http://instagram.com/MKBHD
http://facebook.com/MKBHD","S25 Ultra, Galaxy S25, Galaxy S25 Ultra, S25 Ultra vs, MKBHD, S25 Ultra Review",Ugxi9iezceiB_MtGRFB4AaABAg,,top_level,@drunkenyeknom,Video production quality is looking top notch!,2,0,2025-03-27 16:27:35+00:00,2025-03-27T16:27:35Z,True,Video production quality is looking top notch!,video production quality is looking top notch!,0,0.0,46,7,0.0,0.741,0.259,0.271,0.217,positive,en,Camera,keyword,1.0,0,0.629,General Samsung / Apple Discussion,Comment: video production quality is looking top notch! Issue Category: Camera Sentiment: positive Topic: General Samsung / Apple Discussion Video: Samsung Galaxy S25 Ultra Review: The Tables Have Turned!,0.696,0.096,0.65,0.75,0.5,0.0,0.665,What are users saying about Samsung camera quality?
vkBQW8NZk9k,"$70 vs $1,200 Samsung!",Mrwhosetheboss,2023-05-14T13:01:39Z,40457597,1964597,5052,"#Samsung #realvsfake #fake #technology #shorts 

I spend a LOT of time trying to make my videos as concise, polished and useful as possible for you - if you would like to support me on that mission then consider subscribing to the channel - you'd make my day 😁

For my tech hot takes: http://twitter.com/Mrwhosetheboss
For my Personal Posts: http://instagram.com/mrwhosetheboss
Does anyone still use this anymore?: https://facebook.com/mrwhosetheboss

Amazon Affiliate links (if you buy anything through these it will support the channel and allow us to buy better gear!):
Amazon US: https://amzn.to/3mFix9d
Amazon UK: https://amzn.to/3GMPPtM

My Filming Gear:
https://bit.ly/35CuxwI

Music is from Epidemic sound:
http://share.epidemicsound.com/pHDFT","samsung, tech, shorts",Ugw0Qt0ZmgLLyQUF8fV4AaABAg,,top_level,@LunariumGMD,I'm a VCR need and in my opinion I prefer the fake Samsung camera quality over real Samsung camera quality.,0,0,2024-11-20 12:00:27+00:00,2024-11-20T12:00:27Z,True,I'm a VCR need and in my opinion I prefer the fake Samsung camera quality over real Samsung camera quality.,i'm a vcr need and in my opinion i prefer the fake samsung camera quality over real samsung camera quality.,0,0.0,107,20,0.14,0.86,0.0,-0.477,-0.381,negative,en,Camera,keyword,1.0,4,0.81,Fake Products / Screen / Camera Concerns,"Comment: i'm a vcr need and in my opinion i prefer the fake samsung camera quality over real samsung camera quality. Issue Category: Camera Sentiment: negative Topic: Fake Products / Screen / Camera Concerns Video: $70 vs $1,200 Samsung!",0.751,0.0,0.65,0.5,0.5,0.0,0.664,What are users saying about Samsung camera quality?
vkBQW8NZk9k,"$70 vs $1,200 Samsung!",Mrwhosetheboss,2023-05-14T13:01:39Z,40457597,1964597,5052,"#Samsung #realvsfake #fake #technology #shorts 

I spend a LOT of time trying to make my videos as concise, polished and useful as possible for you - if you would like to support me on that mission then consider subscribing to the channel - you'd make my day 😁

For my tech hot takes: http://twitter.com/Mrwhosetheboss
For my Personal Posts: http://instagram.com/mrwhosetheboss
Does anyone still use this anymore?: https://facebook.com/mrwhosetheboss

Amazon Affiliate links (if you buy anything through these it will support the channel and allow us to buy better gear!):
Amazon US: https://amzn.to/3mFix9d
Amazon UK: https://amzn.to/3GMPPtM

My Filming Gear:
https://bit.ly/35CuxwI

Music is from Epidemic sound:
http://share.epidemicsound.com/pHDFT","samsung, tech, shorts",UgyZ7yUHIMS-X-ToRk54AaABAg,,top_level,@almightybogza,Not much of a difference on the screen ? My guy are you blind ?,0,0,2024-07-19 20:59:42+00:00,2024-07-19T20:59:42Z,True,Not much of a difference on the screen ? My guy are you blind ?,not much of a difference on the screen ? my guy are you blind ?,0,0.0,63,15,0.179,0.821,0.0,-0.47,-0.376,negative,en,Display / Screen,keyword,1.0,4,0.531,Fake Products / Screen / Camera Concerns,"Comment: not much of a difference on the screen ? my guy are you blind ? Issue Category: Display / Screen Sentiment: negative Topic: Fake Products / Screen / Camera Concerns Video: $70 vs $1,200 Samsung!",0.713,0.0,0.65,0.5,1.0,0.0,0.666,What are users saying about Samsung screen or display issues?
2HhrudHXaDs,Introducing Galaxy Z Fold7 | Galaxy AI | Samsung,Samsung,2025-07-09T15:27:09Z,40946263,5777,773,"Introducing the all-new Galaxy Z Fold7. Ultra sleek and ultra powerful, ready to make your everyday more productive and effortless. Learn more: http://smsng.co/ZFold7_Intro_yt

00:00 Intro
00:36 Design
01:10 Hardware
01:45 Battery
02:11 Now Brief
02:24 Gemini Live
02:58 Camera
03:20 ProVisual Engine
03:41 Audio Eraser
03:48 Photo Assist

Q: What's special about the Galaxy Z Fold7's design?
A: Galaxy Z Fold7 features a sleeker, lighter design—just 4.2 mm when open and 8.9 mm when folded. Weighing 215 g, it's the thinnest Galaxy Z Fold yet.

#GalaxyAI #GalaxyZFold7 #camera #UltraSleek #Samsung","audio eraser, camera, galaxy ai, galaxy unpacked 2025, galaxy z fold design, galaxy z fold7, gemini live samsung, new samsung fold phone, samsung, samsung fold camera, samsung foldable, samsung galaxy, samsung galaxy z fold now bar, samsung galaxy z fold photo assist, samsung galaxy z fold7 gemini live, samsung galaxy z fold7 official video, samsung latest mobile, samsung mobile, samsung z fold7, z fold 7 battery life, z fold 7 features, z fold7 ai, AI Phone",UgxWQzvcP4EgWH7Jw8d4AaABAg.AKMes0TBo6FANJgGydcv7S,UgxWQzvcP4EgWH7Jw8d4AaABAg,reply,@AliyevRashid,Screen quality is worst! Every small things can and will damage it. And Samsung do not include it in warrant.. they know that shiny internal display.,0,0,2025-09-21 01:52:52+00:00,2025-09-21T01:52:52Z,True,Screen quality is worst! Every small things can and will damage it. And Samsung do not include it in warrant.. they know that shiny internal display.,screen quality is worst! every small things can and will damage it. and samsung do not include it in warrant.. they know that shiny internal display.,0,0.0,149,26,0.24,0.76,0.0,-0.822,-0.658,negative,en,Display / Screen,keyword,1.0,4,0.418,Fake Products / Screen / Camera Concerns,Comment: screen quality is worst! every small things can and will damage it. and samsung do not include it in warrant.. they know that shiny internal display. Issue Category: Display / Screen Sentiment: negative Topic: Fake Products / Screen / Camera Concerns Video: Introducing Galaxy Z Fold7 | Galaxy AI | Samsung,0.706,0.0,0.65,0.5,1.0,0.0,0.662,What are users saying about Samsung screen or display issues?
vkBQW8NZk9k,"$70 vs $1,200 Samsung!",Mrwhosetheboss,2023-05-14T13:01:39Z,40457597,1964597,5052,"#Samsung #realvsfake #fake #technology #shorts 

I spend a LOT of time trying to make my videos as concise, polished and useful as possible for you - if you would like to support me on that mission then consider subscribing to the channel - you'd make my day 😁

For my tech hot takes: http://twitter.com/Mrwhosetheboss
For my Personal Posts: http://instagram.com/mrwhosetheboss
Does anyone still use this anymore?: https://facebook.com/mrwhosetheboss

Amazon Affiliate links (if you buy anything through these it will support the channel and allow us to buy better gear!):
Amazon US: https://amzn.to/3mFix9d
Amazon UK: https://amzn.to/3GMPPtM

My Filming Gear:
https://bit.ly/35CuxwI

Music is from Epidemic sound:
http://share.epidemicsound.com/pHDFT","samsung, tech, shorts",UgzE-B-_SKh9UuBfBRl4AaABAg,,top_level,@juliogomez9145,"""When you first boot it up you can't tell that much of a difference apart from the quality of the screen.""


Umm.. what!?",0,0,2025-03-01 06:15:00+00:00,2025-03-01T06:15:00Z,True,"""When you first boot it up you can't tell that much of a difference apart from the quality of the screen.""


Umm.. what!?",when you first boot it up you can't tell that much of a difference apart from the quality of the screen. umm.. what!?,0,0.0,117,23,0.0,1.0,0.0,0.0,0.0,neutral,en,Display / Screen,keyword,1.0,4,0.825,Fake Products / Screen / Camera Concerns,"Comment: when you first boot it up you can't tell that much of a difference apart from the quality of the screen. umm.. what!? Issue Category: Display / Screen Sentiment: neutral Topic: Fake Products / Screen / Camera Concerns Video: $70 vs $1,200 Samsung!",0.712,0.0,0.65,0.5,0.8,0.0,0.656,What are users saying about Samsung screen or display issues?
a4NJNdHqs_I,Samsung Galaxy S25 Ultra Review: The Tables Have Turned!,Marques Brownlee,2025-02-05T22:18:18Z,5877632,158154,12519,"Part review part rant. It's still a good phone though.

Get the Samsung Galaxy S25 Ultra at BestBuy in-store or online at https://bit.ly/4h8mjiy

MKBHD Merch: http://shop.MKBHD.com

The Ridge x MKBHD Knife: https://geni.us/YP4ED

Playlist of MKBHD Intro music: https://goo.gl/B3AWV5

Phone provided by Samsung for review.

~
http://twitter.com/MKBHD
http://instagram.com/MKBHD
http://facebook.com/MKBHD","S25 Ultra, Galaxy S25, Galaxy S25 Ultra, S25 Ultra vs, MKBHD, S25 Ultra Review",Ugzb6qasqHkhEnkSnGJ4AaABAg,,top_level,@Amanwithoutaplanhere,You're view on them is crap they have added a lot of new stuff to this phone including a 3nm chip a screen glass that is scrathproof and a display that changes refresh rate automatically,0,1,2025-08-31 21:48:41+00:00,2025-08-31T21:49:10Z,True,You're view on them is crap they have added a lot of new stuff to this phone including a 3nm chip a screen glass that is scrathproof and a display that changes refresh rate automatically,you're view on them is crap they have added a lot of new stuff to this phone including a 3nm chip a screen glass that is scrathproof and a display that changes refresh rate automatically,0,0.0,186,35,0.071,0.929,0.0,-0.382,-0.305,negative,en,Display / Screen,keyword,1.0,4,0.42,Fake Products / Screen / Camera Concerns,Comment: you're view on them is crap they have added a lot of new stuff to this phone including a 3nm chip a screen glass that is scrathproof and a display that changes refresh rate automatically Issue Category: Display / Screen Sentiment: negative Topic: Fake Products / Screen / Camera Concerns Video: Samsung Galaxy S25 Ultra Review: The Tables Have Turned!,0.626,0.061,0.65,0.75,1.0,0.0,0.648,What are users saying about Samsung screen or display issues?
2gYqEi8-am4,Introducing Galaxy S26 Ultra | Galaxy AI | Samsung,Samsung,2026-02-25T19:17:48Z,54215181,47421,3321,"This is the official Galaxy S26 Ultra introduction film. The AI phone that makes your everyday easy and effortless. With the revolutionary Privacy Display, next-level pro cameras, and Galaxy AI. Learn more: http://smsng.co/S26Ultra_Intro_yt

00:00 Intro
00:30 The Most Powerful Processor
00:39 Customized Processor
00:47 Customized Image Enhancer 
00:57 The World’s First Privacy Display 
01:28 Next-Level Pro Cameras
01:35 Super Steady Video
01:46 Nightography Video
02:14 Photo Assist 
02:30 Creative Studio
02:43 Now Nudge
03:03 Now Brief
03:15 Samsung Knox 

Q: How can Privacy Display on Galaxy S26 Ultra help me?
A: If you're worried about people being able to view your personal information when you're in a crowded space, you can activate Privacy Display to hide your full screen from others.
Q: What has improved in the Galaxy S26 Ultra's camera compared to the Galaxy S25 Ultra?
A: Wider apertures mean the 200 MP Wide camera opens to F1.4. The 50 MP Telephoto camera, with 5x optical zoom and 10x optical quality zoom, now opens to F2.9. This allows in more light for improved brightness.
Q: What's the new key AI feature available on Galaxy S26 Ultra?
A: Now Nudge is a new feature that intelligently understands what's on your screen and will provide suggestions, such as viewing your ‘Calendar’ to add an event or the option to jump straight to your ‘Gallery’ when someone asks you to share photos with them.
Q: Which messaging apps are supported by Now Nudge?
A: Text message prompts are currently available with Samsung Messages and certain third-party messaging apps including Google Messages and Google Chat. Based on availability at the time of product launch. May change without notice.

#GalaxyAI #GalaxyS26Ultra #GalaxyS26 #Samsung","ai phone, ai smartphone, best smartphone ai, creative studio, galaxy ai, galaxy s26 ultra, galaxy unpacked 2026, generative ai, introduction film, latest samsung galaxy phone, new ai phone, new phone launch 2026, nightography, now brief, now nudge, photo assist, privacy display, s26 features, samsung, samsung galaxy, samsung galaxy phones, samsung galaxy unpacked, samsung mobile, samsung s26 ad, samsung s26 commercial, samsung s26 ultra, super steady",UgymgEZa5bCMPaCPBnV4AaABAg,,top_level,@IllyrianMapper,"They solved the issue of all privacy screen protectors, bad brightness?just turn it off. Wanna show a picture to someone? Just turn it off. Or keep it off but cut cover ur notifs! WHAT?",0,0,2026-02-25 22:14:11+00:00,2026-02-25T22:14:11Z,True,"They solved the issue of all privacy screen protectors, bad brightness?just turn it off. Wanna show a picture to someone? Just turn it off. Or keep it off but cut cover ur notifs! WHAT?","they solved the issue of all privacy screen protectors, bad brightness?just turn it off. wanna show a picture to someone? just turn it off. or keep it off but cut cover ur notifs! what?",0,0.0,185,34,0.15,0.81,0.04,-0.635,-0.508,negative,en,Display / Screen,keyword,1.0,4,0.748,Fake Products / Screen / Camera Concerns,"Comment: they solved the issue of all privacy screen protectors, bad brightness?just turn it off. wanna show a picture to someone? just turn it off. or keep it off but cut cover ur notifs! what? Issue Category: Display / Screen Sentiment: negative Topic: Fake Products / Screen / Camera Concerns Video: Introducing Galaxy S26 Ultra | Galaxy AI | Samsung",0.627,0.0,0.65,0.75,1.0,0.0,0.646,What are users saying about Samsung screen or display issues?
3hPoEmlBQdY,Introducing Galaxy S24 Ultra | Galaxy AI | Samsung,Samsung,2024-01-17T19:06:58Z,42072502,343318,7090,"This is the official Galaxy S24 Ultra introduction film. Galaxy AI is finally here. Check out this epic demo of all that you can do with the first Galaxy AI phone—the new Galaxy S24 Ultra. Learn more: http://smsng.co/S24Ultra_Intro-Film_yt

00:00 Introducing Galaxy S24 Ultra: the first Galaxy AI phone
00:23 Circle to Search: New way to search
00:52 Live Translate: New way to get thing done
01:17 Unbeatable processor: New way to play
01:50 Titanium toughness
02:13 Epic AI camera: New way to create
03:15 Note Assist: New way to get things done

Q: How does Circle to Search work?
A: Just circle an object—including images, videos, or text—with your finger or S Pen and you'll get results immediately.

Q: Does Live Translate only work during calls?
A: No. It also works through messaging. You can reply in your selected language and it will be translated for the person you're chatting with.

#GalaxyAI #GalaxyS24Ultra #GalaxyS24 #Samsung","AI, Unpacked, compilation, galaxy AI, galaxy s series, galaxy s24, galaxy s24 plus, galaxy s24 ultra, galaxy unpacked, galaxy unpacked 2023, highlight, launch, opening, product launch, replay, s series, s24, s24 plus, s24 ultra, samsung event, samsung galaxy unpacked, samsung s24, samsung s24 plus, samsung s24 ultra, samsung unpacked, AI Phone",Ugxw07xcK2eJEKBI81p4AaABAg,,top_level,@chevindraramanah7360,Stop buying serie S as Samsung facing screen problem green line and blue line in screen,0,0,2024-05-20 15:37:21+00:00,2024-05-20T15:37:21Z,True,Stop buying serie S as Samsung facing screen problem green line and blue line in screen,stop buying serie s as samsung facing screen problem green line and blue line in screen,0,0.0,87,16,0.259,0.741,0.0,-0.599,-0.48,negative,en,Display / Screen,keyword,1.0,2,0.673,Galaxy Models / S23-S24-S25 Series,Comment: stop buying serie s as samsung facing screen problem green line and blue line in screen Issue Category: Display / Screen Sentiment: negative Topic: Galaxy Models / S23-S24-S25 Series Video: Introducing Galaxy S24 Ultra | Galaxy AI | Samsung,0.626,0.0,0.65,0.75,1.0,0.0,0.646,What are users saying about Samsung screen or display issues?
vkBQW8NZk9k,"$70 vs $1,200 Samsung!",Mrwhosetheboss,2023-05-14T13:01:39Z,40457597,1964597,5052,"#Samsung #realvsfake #fake #technology #shorts 

I spend a LOT of time trying to make my videos as concise, polished and useful as possible for you - if you would like to support me on that mission then consider subscribing to the channel - you'd make my day 😁

For my tech hot takes: http://twitter.com/Mrwhosetheboss
For my Personal Posts: http://instagram.com/mrwhosetheboss
Does anyone still use this anymore?: https://facebook.com/mrwhosetheboss

Amazon Affiliate links (if you buy anything through these it will support the channel and allow us to buy better gear!):
Amazon US: https://amzn.to/3mFix9d
Amazon UK: https://amzn.to/3GMPPtM

My Filming Gear:
https://bit.ly/35CuxwI

Music is from Epidemic sound:
http://share.epidemicsound.com/pHDFT","samsung, tech, shorts",UgwvqktXo2EeJGXcWHl4AaABAg,,top_level,@itskebiksons,Not much of a difference besides screen? Are you serious? Bruh,0,0,2023-09-07 19:58:27+00:00,2023-09-07T19:58:27Z,True,Not much of a difference besides screen? Are you serious? Bruh,not much of a difference besides screen? are you serious? bruh,0,0.0,62,11,0.142,0.858,0.0,-0.168,-0.134,negative,en,Display / Screen,keyword,1.0,4,0.531,Fake Products / Screen / Camera Concerns,"Comment: not much of a difference besides screen? are you serious? bruh Issue Category: Display / Screen Sentiment: negative Topic: Fake Products / Screen / Camera Concerns Video: $70 vs $1,200 Samsung!",0.664,0.0,0.65,0.5,1.0,0.0,0.638,What are users saying about Samsung screen or display issues?
3hPoEmlBQdY,Introducing Galaxy S24 Ultra | Galaxy AI | Samsung,Samsung,2024-01-17T19:06:58Z,42072502,343318,7090,"This is the official Galaxy S24 Ultra introduction film. Galaxy AI is finally here. Check out this epic demo of all that you can do with the first Galaxy AI phone—the new Galaxy S24 Ultra. Learn more: http://smsng.co/S24Ultra_Intro-Film_yt

00:00 Introducing Galaxy S24 Ultra: the first Galaxy AI phone
00:23 Circle to Search: New way to search
00:52 Live Translate: New way to get thing done
01:17 Unbeatable processor: New way to play
01:50 Titanium toughness
02:13 Epic AI camera: New way to create
03:15 Note Assist: New way to get things done

Q: How does Circle to Search work?
A: Just circle an object—including images, videos, or text—with your finger or S Pen and you'll get results immediately.

Q: Does Live Translate only work during calls?
A: No. It also works through messaging. You can reply in your selected language and it will be translated for the person you're chatting with.

#GalaxyAI #GalaxyS24Ultra #GalaxyS24 #Samsung","AI, Unpacked, compilation, galaxy AI, galaxy s series, galaxy s24, galaxy s24 plus, galaxy s24 ultra, galaxy unpacked, galaxy unpacked 2023, highlight, launch, opening, product launch, replay, s series, s24, s24 plus, s24 ultra, samsung event, samsung galaxy unpacked, samsung s24, samsung s24 plus, samsung s24 ultra, samsung unpacked, AI Phone",Ugzv8mERDS2SkLOie4p4AaABAg,,top_level,@debrajsarkar9289,Dnt buy samsung mobile.... after 1 yr green line is coming on display....I have horrible experience with S8 and flip3,0,0,2024-11-22 06:09:30+00:00,2024-11-22T06:09:30Z,True,Dnt buy samsung mobile.... after 1 yr green line is coming on display....I have horrible experience with S8 and flip3,dnt buy samsung mobile.... after 1 yr green line is coming on display....i have horrible experience with s8 and flip3,0,0.0,117,20,0.156,0.844,0.0,-0.542,-0.434,negative,en,Display / Screen,keyword,1.0,2,0.927,Galaxy Models / S23-S24-S25 Series,Comment: dnt buy samsung mobile.... after 1 yr green line is coming on display....i have horrible experience with s8 and flip3 Issue Category: Display / Screen Sentiment: negative Topic: Galaxy Models / S23-S24-S25 Series Video: Introducing Galaxy S24 Ultra | Galaxy AI | Samsung,0.612,0.0,0.65,0.75,1.0,0.0,0.638,What are users saying about Samsung screen or display issues?
2gYqEi8-am4,Introducing Galaxy S26 Ultra | Galaxy AI | Samsung,Samsung,2026-02-25T19:17:48Z,54215181,47421,3321,"This is the official Galaxy S26 Ultra introduction film. The AI phone that makes your everyday easy and effortless. With the revolutionary Privacy Display, next-level pro cameras, and Galaxy AI. Learn more: http://smsng.co/S26Ultra_Intro_yt

00:00 Intro
00:30 The Most Powerful Processor
00:39 Customized Processor
00:47 Customized Image Enhancer 
00:57 The World’s First Privacy Display 
01:28 Next-Level Pro Cameras
01:35 Super Steady Video
01:46 Nightography Video
02:14 Photo Assist 
02:30 Creative Studio
02:43 Now Nudge
03:03 Now Brief
03:15 Samsung Knox 

Q: How can Privacy Display on Galaxy S26 Ultra help me?
A: If you're worried about people being able to view your personal information when you're in a crowded space, you can activate Privacy Display to hide your full screen from others.
Q: What has improved in the Galaxy S26 Ultra's camera compared to the Galaxy S25 Ultra?
A: Wider apertures mean the 200 MP Wide camera opens to F1.4. The 50 MP Telephoto camera, with 5x optical zoom and 10x optical quality zoom, now opens to F2.9. This allows in more light for improved brightness.
Q: What's the new key AI feature available on Galaxy S26 Ultra?
A: Now Nudge is a new feature that intelligently understands what's on your screen and will provide suggestions, such as viewing your ‘Calendar’ to add an event or the option to jump straight to your ‘Gallery’ when someone asks you to share photos with them.
Q: Which messaging apps are supported by Now Nudge?
A: Text message prompts are currently available with Samsung Messages and certain third-party messaging apps including Google Messages and Google Chat. Based on availability at the time of product launch. May change without notice.

#GalaxyAI #GalaxyS26Ultra #GalaxyS26 #Samsung","ai phone, ai smartphone, best smartphone ai, creative studio, galaxy ai, galaxy s26 ultra, galaxy unpacked 2026, generative ai, introduction film, latest samsung galaxy phone, new ai phone, new phone launch 2026, nightography, now brief, now nudge, photo assist, privacy display, s26 features, samsung, samsung galaxy, samsung galaxy phones, samsung galaxy unpacked, samsung mobile, samsung s26 ad, samsung s26 commercial, samsung s26 ultra, super steady",UgwcbqPy1LKXwKIzDvZ4AaABAg,,top_level,@MarcLecteur,"Honestly, I am extremely disappointed with Samsung. I have always been loyal to the brand, but the quality and service are just not there anymore. It has become frustrating to use your products today. You have lost a long-time customer; I want you to know that I am very, very, very discouraged.
​My biggest issue comes from the lines appearing on my screens because I use the S series. What’s more, these lines appear even though I do everything possible to avoid even a single crack. They just appear on their own, and it’s deeply disappointing, especially since screen replacements are very expensive in my country.
​Everyone in my circle knows me as the biggest Samsung user and fan, but after the frustration of these lines appearing on my screen, I plan to leave the brand if Samsung does nothing to help me.",0,0,2026-04-01 17:16:07+00:00,2026-04-01T17:16:07Z,True,"Honestly, I am extremely disappointed with Samsung. I have always been loyal to the brand, but the quality and service are just not there anymore. It has become frustrating to use your products today. You have lost a long-time customer; I want you to know that I am very, very, very discouraged.
​My biggest issue comes from the lines appearing on my screens because I use the S series. What’s more, these lines appear even though I do everything possible to avoid even a single crack. They just appear on their own, and it’s deeply disappointing, especially since screen replacements are very expensive in my country.
​Everyone in my circle knows me as the biggest Samsung user and fan, but after the frustration of these lines appearing on my screen, I plan to leave the brand if Samsung does nothing to help me.","honestly, i am extremely disappointed with samsung. i have always been loyal to the brand, but the quality and service are just not there anymore. it has become frustrating to use your products today. you have lost a long time customer i want you to know that i am very, very, very discouraged. my biggest issue comes from the lines appearing on my screens because i use the s series. what s more, these lines appear even though i do everything possible to avoid even a single crack. they just appear on their own, and it s deeply disappointing, especially since screen replacements are very expensive in my country. everyone in my circle knows me as the biggest samsung user and fan, but after the frustration of these lines appearing on my screen, i plan to leave the brand if samsung does nothing to help me.",0,0.0,811,146,0.173,0.777,0.049,-0.973,-0.778,negative,en,Display / Screen,keyword,1.0,2,0.581,Galaxy Models / S23-S24-S25 Series,"Comment: honestly, i am extremely disappointed with samsung. i have always been loyal to the brand, but the quality and service are just not there anymore. it has become frustrating to use your products today. you have lost a long time customer i want you to know that i am very, very, very discouraged. my biggest issue comes from the lines appearing on my screens because i use the s series. what s more, these lines appear even though i do everything possible to avoid even a single crack. they just appear on their own, and it s deeply disappointing, especially since screen replacements are very expensive in my country. everyone in my circle knows me as the biggest samsung user and fan, but after the frustration of these lines appearing on my screen, i plan to leave the brand if samsung does nothing to help me. Issue Category: Display / Screen Sentiment: negative Topic: Galaxy Models / S23-S24-S25 Series Video: Introducing Galaxy S26 Ultra | Galaxy AI | Samsung",0.662,0.0,0.65,0.5,1.0,0.0,0.637,What are users saying about Samsung screen or display issues?
3hPoEmlBQdY,Introducing Galaxy S24 Ultra | Galaxy AI | Samsung,Samsung,2024-01-17T19:06:58Z,42072502,343318,7090,"This is the official Galaxy S24 Ultra introduction film. Galaxy AI is finally here. Check out this epic demo of all that you can do with the first Galaxy AI phone—the new Galaxy S24 Ultra. Learn more: http://smsng.co/S24Ultra_Intro-Film_yt

00:00 Introducing Galaxy S24 Ultra: the first Galaxy AI phone
00:23 Circle to Search: New way to search
00:52 Live Translate: New way to get thing done
01:17 Unbeatable processor: New way to play
01:50 Titanium toughness
02:13 Epic AI camera: New way to create
03:15 Note Assist: New way to get things done

Q: How does Circle to Search work?
A: Just circle an object—including images, videos, or text—with your finger or S Pen and you'll get results immediately.

Q: Does Live Translate only work during calls?
A: No. It also works through messaging. You can reply in your selected language and it will be translated for the person you're chatting with.

#GalaxyAI #GalaxyS24Ultra #GalaxyS24 #Samsung","AI, Unpacked, compilation, galaxy AI, galaxy s series, galaxy s24, galaxy s24 plus, galaxy s24 ultra, galaxy unpacked, galaxy unpacked 2023, highlight, launch, opening, product launch, replay, s series, s24, s24 plus, s24 ultra, samsung event, samsung galaxy unpacked, samsung s24, samsung s24 plus, samsung s24 ultra, samsung unpacked, AI Phone",UgxA0R7H_gG4gv_GMTV4AaABAg,,top_level,@shortsandvideos4u,The worst-ever things from Samsung is green line issues. Buying a 1000 dollar phone and facing green line is not acceptable.,0,0,2024-08-25 15:52:07+00:00,2024-08-25T15:52:07Z,True,The worst-ever things from Samsung is green line issues. Buying a 1000 dollar phone and facing green line is not acceptable.,the worst ever things from samsung is green line issues. buying a 1000 dollar phone and facing green line is not acceptable.,0,0.0,124,22,0.233,0.767,0.0,-0.724,-0.579,negative,en,Display / Screen,keyword,1.0,2,0.688,Galaxy Models / S23-S24-S25 Series,Comment: the worst ever things from samsung is green line issues. buying a 1000 dollar phone and facing green line is not acceptable. Issue Category: Display / Screen Sentiment: negative Topic: Galaxy Models / S23-S24-S25 Series Video: Introducing Galaxy S24 Ultra | Galaxy AI | Samsung,0.611,0.0,0.65,0.75,1.0,0.0,0.637,What are users saying about Samsung screen or display issues?
